image_id,gender,prob
63952.png,Male,0.98
07934.png,Male,0.97
38652.png,Male,0.9
78429.png,Female,0.8
29814.png,Female,0.82
34506.png,Male,0.83
70842.png,Male,0.88
27450.png,Male,0.72
52971.png,Male,0.9
12468.png,Male,0.94
92014.png,Male,0.86
47386.png,Male,0.99
02169.png,Male,0.82
36508.png,Male,0.93
98721.png,Female,0.89
94721.png,Male,0.94
69307.png,Male,0.95
23401.png,Female,0.83
08469.png,Male,0.95
70614.png,Male,0.99
28437.png,Female,0.96
65127.png,Male,0.73
47628.png,Male,0.91
17062.png,Male,0.9
76459.png,Male,0.85
18236.png,Male,0.89
90718.png,Male,0.74
71920.png,Male,0.81
70329.png,Male,0.96
34609.png,Male,0.73
65301.png,Male,0.92
80653.png,Female,0.8
69250.png,Male,0.9
90847.png,Male,0.83
26397.png,Male,0.96
97361.png,Male,0.89
19502.png,Male,0.84
18942.png,Male,0.94
97015.png,Male,0.73
85976.png,Male,0.98
20857.png,Male,0.93
59487.png,Female,0.79
73849.png,Male,0.85
81792.png,Male,0.95
78243.png,Male,0.75
04765.png,Male,0.99
36875.png,Male,0.98
21853.png,Male,0.77
21853.png,Female,0.75
45128.png,Female,0.76
57284.png,Male,0.99
65203.png,Male,0.74
54276.png,Male,0.98
17390.png,Male,0.73
94870.png,Male,0.98
14870.png,Male,0.71
93142.png,Male,0.93
18509.png,Male,0.95
09374.png,Female,0.75
29056.png,Male,0.97
81930.png,Male,0.87
04317.png,Female,0.81
51397.png,Male,0.76
59140.png,Male,0.96
06154.png,Male,0.96
94675.png,Male,0.89
05784.png,Male,0.97
15083.png,Male,0.86
17834.png,Male,0.78
32849.png,Male,0.93
73516.png,Male,0.81
93024.png,Male,0.97
17843.png,Male,0.95
03685.png,Male,0.99
30241.png,Male,0.98
06147.png,Female,0.9
52489.png,Female,0.79
18759.png,Male,0.9
65094.png,Male,0.93
16873.png,Male,0.85
69732.png,Male,0.79
98513.png,Male,0.97
58621.png,Male,0.74
63985.png,Male,0.84
47208.png,Female,0.94
73286.png,Male,0.95
13596.png,Female,0.75
61893.png,Male,0.95
72610.png,Female,0.77
98720.png,Male,0.89
40198.png,Male,0.95
71249.png,Male,0.93
85316.png,Male,0.81
38097.png,Male,0.91
67194.png,Male,0.97
64310.png,Male,0.99
54263.png,Female,0.93
62739.png,Male,0.9
86217.png,Male,0.75
63589.png,Male,0.94
68527.png,Male,0.97
57643.png,Male,0.81
07618.png,Male,0.71
50619.png,Male,0.88
12638.png,Male,0.93
28970.png,Male,0.8
69014.png,Male,0.94
78563.png,Male,0.91
80196.png,Female,0.77
83259.png,Female,0.95
27943.png,Male,0.98
21593.png,Male,0.74
69720.png,Male,0.97
73506.png,Female,0.87
59410.png,Male,0.98
59410.png,Male,0.76
90856.png,Male,0.98
19604.png,Female,0.9
65809.png,Male,0.98
25749.png,Male,0.99
94560.png,Male,0.98
61395.png,Female,0.91
43519.png,Male,0.85
75928.png,Male,0.74
05712.png,Male,0.98
14837.png,Male,0.97
71046.png,Male,0.75
84172.png,Male,0.96
76254.png,Male,0.99
09851.png,Female,0.77
15938.png,Male,0.74
23806.png,Female,0.73
69713.png,Male,0.79
69512.png,Male,0.96
26437.png,Male,0.76
50236.png,Female,0.88
05183.png,Male,0.86
30764.png,Male,0.95
27489.png,Male,0.92
70893.png,Male,0.72
41972.png,Male,0.95
14068.png,Male,0.91
30261.png,Male,0.98
32965.png,Male,0.93
34715.png,Male,0.84
19470.png,Female,0.82
32516.png,Male,0.74
83591.png,Male,0.99
01956.png,Female,0.91
82946.png,Male,0.99
01893.png,Male,0.92
59380.png,Male,0.8
42897.png,Male,0.96
91345.png,Male,0.71
32451.png,Male,0.97
42801.png,Male,0.99
32971.png,Male,0.99
64291.png,Male,0.98
54683.png,Male,0.92
91236.png,Female,0.9
86701.png,Male,0.99
75360.png,Male,0.91
17852.png,Female,0.77
59601.png,Male,0.8
49185.png,Female,0.78
06328.png,Male,0.96
42986.png,Male,0.84
60487.png,Female,0.96
81457.png,Male,0.89
76431.png,Male,0.95
65140.png,Male,0.71
27613.png,Male,0.94
21698.png,Male,0.95
70435.png,Female,0.78
51076.png,Female,0.83
23197.png,Female,0.76
19537.png,Male,0.81
63104.png,Female,0.96
94610.png,Female,0.96
54682.png,Male,0.89
79386.png,Male,0.75
96078.png,Male,0.82
52746.png,Female,0.76
42391.png,Male,0.94
65213.png,Male,0.96
02768.png,Male,0.74
25401.png,Male,0.98
17430.png,Male,0.71
60732.png,Male,0.95
51862.png,Female,0.85
28096.png,Female,0.76
40327.png,Male,0.89
15392.png,Male,0.95
26394.png,Male,0.91
29760.png,Male,0.91
65341.png,Male,0.9
53068.png,Male,0.93
04759.png,Female,0.81
87954.png,Female,0.78
82165.png,Male,0.83
16053.png,Male,0.99
12067.png,Male,0.98
04538.png,Male,0.9
76038.png,Male,0.88
19780.png,Male,0.9
05789.png,Male,0.94
81365.png,Male,0.92
80153.png,Male,0.81
01829.png,Male,0.95
38170.png,Male,0.95
29174.png,Male,0.87
98463.png,Male,0.82
13908.png,Male,0.93
57431.png,Male,0.81
87120.png,Male,0.93
78321.png,Male,0.85
43529.png,Male,0.76
06315.png,Male,0.76
79428.png,Male,0.97
06415.png,Female,0.71
31649.png,Male,0.73
12460.png,Male,0.89
83946.png,Male,0.83
75841.png,Male,0.99
17208.png,Male,0.91
45286.png,Male,0.78
89216.png,Male,0.79
49153.png,Male,0.85
21957.png,Male,0.87
52490.png,Female,0.8
13972.png,Female,0.76
58239.png,Male,0.98
93215.png,Female,0.71
78015.png,Female,0.92
34975.png,Male,0.89
28439.png,Male,0.96
32476.png,Female,0.77
52068.png,Male,0.91
37498.png,Male,0.96
21348.png,Male,0.96
67103.png,Male,0.81
70658.png,Male,0.86
28397.png,Male,0.93
96240.png,Male,0.97
58213.png,Male,0.83
49713.png,Male,0.97
92653.png,Female,0.82
94180.png,Male,0.95
13907.png,Male,0.8
05947.png,Male,0.77
07924.png,Male,0.78
40125.png,Male,0.76
40917.png,Male,0.94
36927.png,Male,0.92
96083.png,Male,0.85
73956.png,Male,0.91
92607.png,Male,0.96
87594.png,Female,0.96
45912.png,Male,0.97
35401.png,Male,0.96
46527.png,Male,0.97
46890.png,Male,0.93
39172.png,Male,0.87
37284.png,Male,0.98
13874.png,Male,0.95
18650.png,Female,0.94
04185.png,Male,0.97
75036.png,Female,0.88
96753.png,Male,0.91
03218.png,Male,0.82
73984.png,Male,0.82
54710.png,Male,0.89
38714.png,Male,0.82
10278.png,Male,0.88
59762.png,Male,0.98
62057.png,Male,0.95
04267.png,Male,0.88
83765.png,Female,0.98
90345.png,Male,0.98
93162.png,Male,0.95
85461.png,Male,0.89
19034.png,Male,0.96
76259.png,Male,0.97
05127.png,Female,0.73
81359.png,Male,0.85
60927.png,Male,0.97
92358.png,Male,0.99
63289.png,Male,0.8
82794.png,Male,0.89
45608.png,Male,0.78
28364.png,Male,0.78
95830.png,Female,0.87
56972.png,Male,0.98
36970.png,Male,0.99
90756.png,Male,0.82
47239.png,Male,0.98
17904.png,Male,0.88
39241.png,Male,0.96
38790.png,Male,0.83
59230.png,Female,0.71
24356.png,Male,0.95
53976.png,Male,0.74
34920.png,Male,0.99
43658.png,Male,0.87
10829.png,Male,0.92
49038.png,Male,0.78
36058.png,Male,0.8
91647.png,Male,0.99
30462.png,Male,0.97
54781.png,Male,0.86
96452.png,Male,0.93
15340.png,Male,0.97
57608.png,Male,0.97
13702.png,Female,0.76
53176.png,Male,0.91
63207.png,Male,0.94
63281.png,Female,0.81
78652.png,Male,0.75
31450.png,Male,0.95
54782.png,Male,0.98
17962.png,Male,0.98
10483.png,Female,0.87
93401.png,Male,0.71
26410.png,Male,0.99
25914.png,Male,0.89
71843.png,Female,0.86
98706.png,Male,0.8
29851.png,Male,0.85
52710.png,Male,0.97
64523.png,Female,0.78
38245.png,Male,0.84
41032.png,Male,0.82
31485.png,Male,0.89
56812.png,Female,0.83
59031.png,Male,0.78
93041.png,Male,0.71
64701.png,Female,0.77
74016.png,Male,0.9
08415.png,Male,1.0
12453.png,Male,0.96
46201.png,Male,0.77
63749.png,Male,0.8
21647.png,Male,0.99
29308.png,Male,0.97
19507.png,Male,0.95
91340.png,Male,0.97
70169.png,Male,0.91
24160.png,Male,0.86
58609.png,Male,0.97
54978.png,Male,0.95
68201.png,Male,0.98
90541.png,Male,0.98
57169.png,Male,0.86
98124.png,Male,0.98
06847.png,Male,0.78
14769.png,Male,0.95
92013.png,Male,0.8
92601.png,Female,0.95
34208.png,Male,0.74
08962.png,Male,0.96
82360.png,Male,0.85
71635.png,Male,0.98
75941.png,Male,0.99
79368.png,Male,0.86
48376.png,Male,0.97
13657.png,Male,0.96
31752.png,Female,0.75
79830.png,Male,0.99
74356.png,Male,0.96
71095.png,Male,0.86
61732.png,Male,0.9
32856.png,Male,0.97
61748.png,Male,0.99
49237.png,Female,0.82
29735.png,Female,0.78
28605.png,Male,0.94
78650.png,Male,0.86
65387.png,Male,0.96
98427.png,Female,0.95
02918.png,Male,0.99
34016.png,Male,0.99
32698.png,Male,0.73
31472.png,Male,0.92
78936.png,Male,0.91
19472.png,Female,0.87
40269.png,Male,0.99
89107.png,Male,0.82
78921.png,Male,0.92
32791.png,Male,0.95
49801.png,Male,0.82
08742.png,Male,0.85
61297.png,Male,0.77
42398.png,Male,0.95
34178.png,Male,0.96
73205.png,Male,0.97
76435.png,Male,0.88
76534.png,Female,0.71
67520.png,Female,0.88
51789.png,Male,0.89
30124.png,Male,0.98
32546.png,Male,0.87
27914.png,Male,0.78
26530.png,Male,0.98
37129.png,Male,0.97
09273.png,Male,0.75
32478.png,Male,0.92
36718.png,Male,0.87
13476.png,Male,0.8
79104.png,Male,0.98
50784.png,Male,0.77
58194.png,Male,0.85
36780.png,Male,0.89
52798.png,Female,0.89
15480.png,Female,0.72
71840.png,Male,0.99
72915.png,Male,0.79
35912.png,Male,0.96
45206.png,Male,0.86
87165.png,Male,0.97
16925.png,Male,0.97
15820.png,Male,0.87
73945.png,Male,0.77
17386.png,Male,0.72
79463.png,Female,0.76
23876.png,Male,0.72
31470.png,Male,0.94
85379.png,Female,0.97
51037.png,Male,0.84
14037.png,Male,0.94
40982.png,Male,0.96
72509.png,Male,0.83
26750.png,Male,0.92
86041.png,Male,0.97
41795.png,Male,0.73
15983.png,Female,0.77
60812.png,Male,0.91
01634.png,Male,0.95
87914.png,Male,0.99
60758.png,Male,0.76
19530.png,Female,0.82
63052.png,Male,0.85
43857.png,Male,0.89
01823.png,Male,0.99
28165.png,Male,0.99
47123.png,Male,0.95
12709.png,Male,0.98
28134.png,Male,0.9
38752.png,Male,0.91
57418.png,Female,0.73
94861.png,Male,0.95
84392.png,Male,0.95
86351.png,Male,0.88
73082.png,Male,0.98
46205.png,Male,0.84
51269.png,Male,0.95
27496.png,Male,0.94
25913.png,Male,0.9
94731.png,Male,0.89
73406.png,Male,0.77
89170.png,Female,0.81
07836.png,Male,0.92
09648.png,Male,0.9
12086.png,Male,0.96
79405.png,Male,0.96
30896.png,Male,0.95
08537.png,Male,0.94
78294.png,Male,0.96
24971.png,Male,0.85
24971.png,Female,0.75
94172.png,Male,0.77
31705.png,Male,0.85
02451.png,Male,0.98
13276.png,Male,0.92
47259.png,Female,0.92
73568.png,Male,0.98
69375.png,Male,0.74
90126.png,Male,0.87
71365.png,Female,0.9
36792.png,Female,0.92
16870.png,Male,0.96
16704.png,Male,0.83
34659.png,Male,0.99
84150.png,Male,0.9
02947.png,Male,0.86
38602.png,Male,0.71
84236.png,Male,0.77
32691.png,Male,0.87
80157.png,Male,0.81
38927.png,Male,0.97
84203.png,Male,0.95
58321.png,Male,0.81
58329.png,Male,0.98
27843.png,Female,0.74
75481.png,Male,0.79
80134.png,Male,0.77
72893.png,Male,0.99
71082.png,Female,0.8
56807.png,Female,0.91
05238.png,Male,0.98
86450.png,Male,0.91
80521.png,Male,0.96
53720.png,Male,0.99
40862.png,Male,0.73
21867.png,Male,0.9
17603.png,Male,0.98
10932.png,Female,0.82
02716.png,Female,0.87
08924.png,Male,0.98
85173.png,Male,0.78
13978.png,Male,0.97
32409.png,Male,0.93
01674.png,Male,0.72
97103.png,Male,0.93
34675.png,Male,0.89
49120.png,Male,0.99
04217.png,Male,0.77
98365.png,Male,0.91
89072.png,Male,0.95
93578.png,Female,0.96
04785.png,Female,0.76
89162.png,Female,0.73
01627.png,Female,0.97
06482.png,Male,0.93
36985.png,Male,0.99
85761.png,Male,0.98
53021.png,Male,0.72
93072.png,Male,0.96
13765.png,Male,0.8
47862.png,Female,0.78
47601.png,Male,0.98
60532.png,Male,0.99
90534.png,Male,0.87
35601.png,Female,0.74
37806.png,Male,0.94
12806.png,Male,0.71
61754.png,Female,0.89
68901.png,Male,0.95
93521.png,Male,0.99
54728.png,Male,0.93
24560.png,Male,0.74
76821.png,Female,0.96
56307.png,Male,0.83
96023.png,Male,0.99
92086.png,Female,0.87
05819.png,Male,0.93
82459.png,Male,0.9
20671.png,Male,0.82
20568.png,Male,0.8
63458.png,Male,0.78
61753.png,Male,0.99
15097.png,Male,0.97
32481.png,Female,0.8
69025.png,Male,0.86
97204.png,Male,0.86
16520.png,Male,0.82
56183.png,Male,0.94
49318.png,Male,0.76
25684.png,Male,0.98
75923.png,Male,0.89
15064.png,Male,0.95
75362.png,Female,0.88
47618.png,Female,0.96
54917.png,Male,0.8
31975.png,Female,0.77
95718.png,Male,0.95
85261.png,Male,0.74
08613.png,Male,0.85
75290.png,Male,0.92
15078.png,Male,0.93
85293.png,Male,0.97
29417.png,Male,0.94
02764.png,Male,0.8
98723.png,Female,0.75
07258.png,Male,0.87
76321.png,Male,0.95
59130.png,Male,0.72
92867.png,Male,0.74
23564.png,Male,0.76
57109.png,Male,0.74
27380.png,Male,0.97
80736.png,Male,0.71
04783.png,Male,0.99
85947.png,Female,0.77
95237.png,Male,0.94
43069.png,Male,0.94
26531.png,Male,0.94
08914.png,Male,0.97
59316.png,Male,0.79
63270.png,Male,0.87
94813.png,Male,0.89
29506.png,Male,0.93
95801.png,Male,0.96
23807.png,Male,0.97
60578.png,Male,0.93
24067.png,Male,0.9
93820.png,Male,0.88
63758.png,Male,0.77
30745.png,Female,0.74
46507.png,Male,0.92
80193.png,Male,0.94
25067.png,Male,0.87
92315.png,Male,0.86
59163.png,Male,0.96
70849.png,Male,0.97
50823.png,Male,0.95
49805.png,Male,0.85
26890.png,Male,0.97
04958.png,Male,0.94
14675.png,Male,0.92
89160.png,Male,0.93
67243.png,Male,0.97
87645.png,Male,0.89
53764.png,Male,0.77
97826.png,Male,0.99
87390.png,Male,0.99
09814.png,Female,0.84
89324.png,Male,0.71
29075.png,Male,0.87
97805.png,Male,0.91
68019.png,Male,0.99
87013.png,Male,0.81
95203.png,Male,0.89
13764.png,Male,0.81
71942.png,Male,0.83
51687.png,Female,0.8
23054.png,Female,0.73
04397.png,Male,0.98
97521.png,Male,0.94
10438.png,Male,0.9
01364.png,Male,0.94
92864.png,Male,0.86
14598.png,Male,0.83
85621.png,Male,0.91
64370.png,Male,0.95
49536.png,Male,0.97
20956.png,Male,0.82
72486.png,Male,0.99
79803.png,Male,0.86
26493.png,Male,0.94
25061.png,Male,0.92
34057.png,Male,0.98
38410.png,Male,0.98
18593.png,Male,0.86
52369.png,Male,0.85
67983.png,Male,0.99
24389.png,Male,0.89
43521.png,Male,0.73
54679.png,Female,0.92
81975.png,Female,0.74
54287.png,Male,0.8
69348.png,Male,0.73
93547.png,Male,0.96
47856.png,Female,0.82
82457.png,Male,0.93
67491.png,Male,0.96
71250.png,Male,0.98
95371.png,Female,0.99
46520.png,Male,0.89
87695.png,Female,0.75
03759.png,Male,0.78
35947.png,Male,0.81
84305.png,Male,0.94
59408.png,Male,0.77
42389.png,Female,0.97
13890.png,Female,0.76
20749.png,Female,0.79
89701.png,Male,0.92
40216.png,Male,0.88
76924.png,Male,0.75
29463.png,Male,0.99
96354.png,Male,0.92
68259.png,Male,0.84
81602.png,Male,0.98
62859.png,Male,0.95
20148.png,Male,0.89
47901.png,Male,0.95
01498.png,Female,0.85
46938.png,Female,0.86
01962.png,Male,0.9
04152.png,Male,0.98
09312.png,Male,0.96
67385.png,Male,0.88
74209.png,Male,0.82
97108.png,Male,0.91
91754.png,Male,0.89
21740.png,Female,0.72
56709.png,Male,0.91
04265.png,Male,0.99
97162.png,Male,0.83
47859.png,Male,0.98
52103.png,Male,0.91
23109.png,Female,0.81
29468.png,Male,0.73
10236.png,Male,0.81
74152.png,Male,0.94
19567.png,Male,0.94
05468.png,Female,0.74
49165.png,Female,0.97
40913.png,Male,0.86
20685.png,Male,0.79
40153.png,Female,0.78
43820.png,Female,0.73
42019.png,Male,0.88
04287.png,Female,0.95
90625.png,Male,0.85
73248.png,Male,0.89
07193.png,Male,0.92
20943.png,Male,0.92
28436.png,Female,0.79
87196.png,Male,0.97
14276.png,Female,0.89
63578.png,Female,0.97
84169.png,Male,0.93
79845.png,Male,0.79
73198.png,Male,0.94
01392.png,Male,0.83
01749.png,Male,0.94
03798.png,Female,0.87
30412.png,Male,0.92
15029.png,Female,0.83
58370.png,Male,0.8
51308.png,Male,0.99
79105.png,Male,0.76
48639.png,Male,0.93
85209.png,Male,0.96
01937.png,Male,0.74
28610.png,Male,0.88
72698.png,Male,0.74
40286.png,Female,0.97
57148.png,Male,0.71
02476.png,Male,0.98
04597.png,Male,0.83
04597.png,Female,0.71
70829.png,Male,0.88
94305.png,Male,0.89
51624.png,Female,0.92
75130.png,Male,0.96
15478.png,Male,0.84
21596.png,Male,0.85
82159.png,Male,0.94
52719.png,Male,0.93
46218.png,Male,0.95
87924.png,Male,0.8
61048.png,Male,0.84
03594.png,Male,0.93
37829.png,Male,0.74
63581.png,Male,0.97
82673.png,Male,0.96
35497.png,Male,0.85
25837.png,Male,0.98
72948.png,Female,0.77
74236.png,Male,0.98
91738.png,Male,0.84
02971.png,Male,0.79
71042.png,Male,0.75
78304.png,Female,0.76
79351.png,Male,0.99
30586.png,Female,0.72
96708.png,Male,0.91
60183.png,Male,0.93
64273.png,Male,0.75
51849.png,Male,0.81
65712.png,Male,0.99
62307.png,Male,0.99
36872.png,Male,0.89
36804.png,Male,0.86
81394.png,Male,0.99
32586.png,Male,0.95
52896.png,Male,0.95
10254.png,Female,0.76
89306.png,Male,0.91
98321.png,Male,0.99
28576.png,Male,0.99
26315.png,Male,0.88
83461.png,Female,0.92
75096.png,Female,0.77
87326.png,Male,0.8
83456.png,Male,0.99
57821.png,Male,0.94
39470.png,Male,0.94
32985.png,Female,0.77
70143.png,Female,0.74
42068.png,Female,0.89
38742.png,Male,0.83
87521.png,Male,0.86
59062.png,Male,0.95
82940.png,Male,0.84
78960.png,Male,0.8
83256.png,Male,0.75
05749.png,Male,0.92
47836.png,Male,0.9
18524.png,Male,0.99
51086.png,Female,0.73
81245.png,Male,0.83
51092.png,Male,0.8
90461.png,Male,0.92
16354.png,Male,0.86
35671.png,Male,0.92
65843.png,Male,0.86
69518.png,Male,0.99
74615.png,Male,0.84
13986.png,Male,0.86
93416.png,Male,0.83
19602.png,Male,0.83
71869.png,Male,0.95
35768.png,Male,0.97
36185.png,Male,0.98
59672.png,Male,0.97
98362.png,Female,0.91
70182.png,Male,0.88
19352.png,Male,0.98
46123.png,Male,0.97
78452.png,Male,0.84
79850.png,Male,0.71
78539.png,Female,0.95
93410.png,Male,0.98
64128.png,Female,0.83
83497.png,Female,0.71
21403.png,Male,0.85
92180.png,Male,0.88
62150.png,Male,0.99
38290.png,Male,0.97
14862.png,Female,0.8
79682.png,Female,0.71
71845.png,Male,0.97
89156.png,Female,0.78
34092.png,Male,0.9
27514.png,Male,0.9
34591.png,Female,0.93
31729.png,Male,0.9
59231.png,Male,0.94
20859.png,Male,0.97
35017.png,Male,0.84
36540.png,Male,0.97
10465.png,Male,0.98
76532.png,Male,0.96
93548.png,Male,0.88
16072.png,Male,0.92
04735.png,Male,0.91
75216.png,Male,0.98
21345.png,Male,0.72
39871.png,Male,0.98
70592.png,Male,0.87
04153.png,Male,0.8
42638.png,Male,0.89
54831.png,Male,0.98
79084.png,Male,0.87
40159.png,Male,0.86
85429.png,Male,0.9
53260.png,Male,0.87
04827.png,Male,0.9
59107.png,Male,0.94
92081.png,Male,0.8
25489.png,Male,0.85
36175.png,Male,0.82
03678.png,Male,0.99
91065.png,Female,0.83
62158.png,Male,0.98
76938.png,Male,0.98
45836.png,Male,0.85
40397.png,Male,0.98
72310.png,Male,0.83
03148.png,Female,0.85
72195.png,Male,0.9
54713.png,Male,0.78
48731.png,Male,0.91
36924.png,Male,0.99
57348.png,Male,0.88
81497.png,Male,0.8
14750.png,Female,0.96
32857.png,Male,0.95
82045.png,Male,0.94
34207.png,Male,0.99
85192.png,Female,0.84
25170.png,Male,0.9
46231.png,Male,0.98
63182.png,Male,0.82
87156.png,Female,0.77
69812.png,Female,0.87
49156.png,Male,0.73
15439.png,Male,0.71
26419.png,Male,0.99
08426.png,Female,0.72
67193.png,Female,0.84
75832.png,Female,0.83
43695.png,Male,0.95
75806.png,Male,0.98
58764.png,Female,0.95
75439.png,Male,0.89
03681.png,Male,0.98
02934.png,Male,0.94
31284.png,Female,0.86
98573.png,Female,0.72
87365.png,Male,0.81
40385.png,Female,0.88
62531.png,Male,0.85
50624.png,Male,0.73
21380.png,Male,0.76
16298.png,Male,0.97
31482.png,Male,0.83
72850.png,Male,0.83
35074.png,Male,0.77
64918.png,Male,0.81
29608.png,Female,0.84
27519.png,Male,0.97
38046.png,Male,0.94
19408.png,Male,0.97
71069.png,Male,0.98
43651.png,Male,0.96
60427.png,Male,0.99
62514.png,Male,0.71
25130.png,Male,0.96
24538.png,Male,0.93
02315.png,Male,0.77
21075.png,Male,0.84
52486.png,Male,0.74
48329.png,Male,0.97
20578.png,Female,0.75
91756.png,Male,0.96
26739.png,Male,0.86
10274.png,Male,0.92
72649.png,Male,0.86
69520.png,Male,0.89
87304.png,Male,0.97
51670.png,Male,0.95
96250.png,Male,0.98
76524.png,Female,0.82
06714.png,Male,0.87
07219.png,Male,0.88
98145.png,Male,0.74
49810.png,Male,0.85
61927.png,Male,0.91
69584.png,Male,0.9
53102.png,Male,0.98
58063.png,Female,0.76
87649.png,Male,0.8
71023.png,Female,0.91
94152.png,Male,0.89
48059.png,Male,0.97
42078.png,Male,0.76
52910.png,Female,0.76
60345.png,Male,0.93
38051.png,Female,0.96
23908.png,Female,0.82
78953.png,Male,0.93
79218.png,Male,0.73
31294.png,Male,0.98
23068.png,Male,0.9
59863.png,Male,0.81
42967.png,Male,0.99
59436.png,Male,0.97
02594.png,Male,0.89
69528.png,Female,0.75
30971.png,Male,0.88
13407.png,Male,0.97
81043.png,Male,0.97
43517.png,Male,0.95
53172.png,Male,0.8
58260.png,Male,0.95
47831.png,Male,0.98
82510.png,Female,0.79
78214.png,Male,0.73
62081.png,Male,0.93
76138.png,Male,0.83
95321.png,Male,0.95
18654.png,Male,0.74
26084.png,Male,0.93
62580.png,Female,0.75
74930.png,Male,0.87
35217.png,Male,0.86
86179.png,Male,0.86
51647.png,Male,0.81
85793.png,Male,0.77
15798.png,Male,0.97
31426.png,Male,0.91
35182.png,Male,0.79
47359.png,Female,0.87
16702.png,Male,0.98
15079.png,Female,0.93
31527.png,Male,0.86
57049.png,Male,0.95
92370.png,Male,0.85
09723.png,Male,0.83
18504.png,Male,0.96
34018.png,Male,0.97
91704.png,Male,0.98
41328.png,Male,0.75
34710.png,Male,0.98
76359.png,Male,0.94
08941.png,Male,0.85
72096.png,Male,0.92
85290.png,Male,0.98
86035.png,Male,0.99
40127.png,Male,0.95
39625.png,Male,0.9
41379.png,Male,0.9
54137.png,Male,0.95
19427.png,Male,0.97
46879.png,Male,0.86
91730.png,Female,0.96
20174.png,Female,0.83
61385.png,Male,0.96
92481.png,Male,0.84
53914.png,Male,0.97
23849.png,Male,0.79
98425.png,Male,0.91
08175.png,Female,0.76
75241.png,Female,0.79
21986.png,Male,0.98
06432.png,Male,0.94
51783.png,Female,0.93
29508.png,Male,0.76
29508.png,Female,0.75
72406.png,Male,0.91
36478.png,Male,0.99
89573.png,Male,0.82
93082.png,Male,0.82
18450.png,Male,0.98
90618.png,Male,0.95
03971.png,Female,0.96
34028.png,Male,0.92
01295.png,Male,0.82
78023.png,Male,0.96
89123.png,Female,0.74
56873.png,Male,0.92
65349.png,Female,0.86
34680.png,Male,0.85
82590.png,Male,0.97
68752.png,Male,0.74
64078.png,Male,0.76
32071.png,Male,0.99
17832.png,Male,0.9
41769.png,Female,0.97
65297.png,Male,0.82
87063.png,Female,0.91
14650.png,Male,0.83
08937.png,Male,0.92
14267.png,Male,0.96
10689.png,Female,0.72
09385.png,Male,0.84
29158.png,Male,0.76
67512.png,Male,0.83
23706.png,Male,0.96
79846.png,Male,0.89
35419.png,Male,0.97
50428.png,Male,0.84
98310.png,Male,0.92
62483.png,Female,0.75
70162.png,Male,0.99
53082.png,Male,0.99
75498.png,Male,0.89
69027.png,Male,0.78
71389.png,Female,0.91
53278.png,Male,0.9
07851.png,Female,0.95
38794.png,Male,0.77
02385.png,Male,0.92
56974.png,Male,0.86
76483.png,Female,0.98
13602.png,Male,0.79
56409.png,Male,0.96
05973.png,Female,0.93
04579.png,Female,0.9
90386.png,Male,0.98
72598.png,Male,0.78
04763.png,Male,0.85
98015.png,Male,0.8
70964.png,Male,0.97
58726.png,Male,0.8
68307.png,Male,0.94
30281.png,Female,0.79
80319.png,Male,0.82
34581.png,Male,0.99
05438.png,Male,0.97
81964.png,Male,0.93
43265.png,Male,0.81
91253.png,Male,0.98
45708.png,Female,0.88
72956.png,Male,0.87
87543.png,Male,0.99
39085.png,Male,0.85
54816.png,Male,0.91
54816.png,Male,0.86
67254.png,Male,0.94
82604.png,Male,0.97
52069.png,Male,0.93
89403.png,Male,0.95
04386.png,Female,0.9
36541.png,Male,0.99
41305.png,Male,0.78
96340.png,Male,0.95
81064.png,Male,0.97
71098.png,Female,0.93
70691.png,Male,0.94
23061.png,Male,0.95
13568.png,Female,0.8
67481.png,Male,0.84
60371.png,Male,0.81
21659.png,Male,0.9
61495.png,Female,0.73
03479.png,Male,0.88
79603.png,Male,0.99
47189.png,Male,0.92
73926.png,Male,0.79
20196.png,Male,0.99
75021.png,Male,0.99
52974.png,Female,0.93
38150.png,Male,0.93
81679.png,Male,0.92
03985.png,Male,0.99
52187.png,Male,0.9
30456.png,Male,0.93
16042.png,Male,0.8
67582.png,Female,0.79
76298.png,Male,0.85
03745.png,Male,0.96
50193.png,Male,0.98
54012.png,Female,0.75
79624.png,Female,0.75
67504.png,Male,0.86
03251.png,Male,0.98
42538.png,Female,0.75
74261.png,Male,0.97
68194.png,Male,0.83
18462.png,Female,0.81
97463.png,Male,0.85
83527.png,Male,0.97
67328.png,Male,0.81
73028.png,Male,0.9
81764.png,Male,0.96
72035.png,Male,0.92
40375.png,Male,0.97
75609.png,Male,0.94
06824.png,Male,0.84
87136.png,Male,0.88
85796.png,Female,0.92
80397.png,Female,0.97
94815.png,Male,0.9
41903.png,Male,0.79
74521.png,Female,0.8
47582.png,Female,0.92
74608.png,Male,0.98
09824.png,Male,0.89
94278.png,Male,0.84
69324.png,Male,0.87
17932.png,Male,0.86
81536.png,Male,0.71
75649.png,Male,0.96
54837.png,Male,0.85
95814.png,Male,0.85
40136.png,Male,0.98
38724.png,Male,0.91
95086.png,Male,0.99
63192.png,Male,0.93
63921.png,Female,0.73
92308.png,Male,0.94
50328.png,Male,0.9
74105.png,Male,0.83
30518.png,Male,0.97
24083.png,Male,0.86
05612.png,Male,0.98
78314.png,Male,0.86
19065.png,Male,0.98
29513.png,Male,0.77
15907.png,Male,0.98
63074.png,Male,0.93
42705.png,Male,0.95
91824.png,Male,0.74
74580.png,Male,0.97
58069.png,Male,0.93
64891.png,Male,0.99
60289.png,Male,0.89
21583.png,Male,0.9
57463.png,Female,0.92
14890.png,Female,0.87
80156.png,Male,0.95
39408.png,Male,0.98
20435.png,Male,0.88
49360.png,Male,0.83
95387.png,Male,0.85
20684.png,Male,0.95
19230.png,Male,0.96
35219.png,Male,0.74
17348.png,Male,0.94
71826.png,Female,0.74
15809.png,Male,0.85
04325.png,Female,0.71
21753.png,Male,0.75
14869.png,Male,0.87
38914.png,Male,0.77
50317.png,Male,0.97
83201.png,Male,0.96
21763.png,Male,0.98
21763.png,Male,0.96
29138.png,Male,0.96
59341.png,Male,0.96
64705.png,Male,0.98
31295.png,Male,0.99
81746.png,Male,0.99
79406.png,Male,0.8
20918.png,Male,0.97
18364.png,Male,0.92
01936.png,Male,0.93
52074.png,Male,0.79
14657.png,Male,0.74
19845.png,Male,0.86
52678.png,Male,0.79
26409.png,Male,0.79
70841.png,Male,0.96
73851.png,Male,0.86
46735.png,Female,0.74
01834.png,Male,0.83
05239.png,Male,0.88
06295.png,Male,0.71
06712.png,Male,0.98
53908.png,Male,0.98
89542.png,Male,0.97
35460.png,Male,0.96
27304.png,Female,0.71
82730.png,Female,0.91
12597.png,Male,0.83
42567.png,Male,0.88
91072.png,Male,0.86
90214.png,Female,0.75
90214.png,Male,0.71
93087.png,Male,0.94
80971.png,Male,0.96
98034.png,Male,0.93
70613.png,Male,0.97
83905.png,Male,0.95
92143.png,Male,0.92
06275.png,Male,0.71
69418.png,Male,0.89
92547.png,Male,0.99
94016.png,Female,0.73
61047.png,Male,0.94
67142.png,Male,0.78
54168.png,Male,0.98
37146.png,Male,0.99
82674.png,Male,0.85
98724.png,Male,0.79
93147.png,Male,0.74
53942.png,Male,0.93
14096.png,Male,0.84
32017.png,Male,0.9
12035.png,Female,0.77
81940.png,Male,0.94
25384.png,Male,0.99
35642.png,Male,0.95
94783.png,Female,0.95
98642.png,Male,0.84
75016.png,Male,0.82
63425.png,Male,0.98
37902.png,Female,0.83
37084.png,Male,0.8
83657.png,Male,0.9
27068.png,Male,0.96
27461.png,Male,0.96
90582.png,Male,0.84
12534.png,Male,0.98
71092.png,Female,0.74
03926.png,Female,0.95
85107.png,Male,0.89
72019.png,Male,0.98
75136.png,Male,0.79
48250.png,Male,0.99
73690.png,Male,0.82
89412.png,Male,0.97
17350.png,Male,0.98
75639.png,Male,0.93
43095.png,Male,0.98
75349.png,Male,0.78
67029.png,Male,0.84
23045.png,Male,0.99
50286.png,Male,0.81
40726.png,Male,0.99
18045.png,Male,0.95
49168.png,Male,0.8
68257.png,Male,0.9
14726.png,Male,0.86
19358.png,Male,0.84
68519.png,Male,0.9
60182.png,Female,0.79
16082.png,Male,0.83
53872.png,Male,0.98
31782.png,Male,0.97
58906.png,Male,0.94
34518.png,Male,0.83
05164.png,Male,0.79
20413.png,Female,0.74
15932.png,Male,0.8
14523.png,Male,0.98
26381.png,Male,0.78
48651.png,Male,0.75
86917.png,Female,0.82
78906.png,Male,0.97
53649.png,Male,0.78
29750.png,Male,0.95
16473.png,Male,0.96
12568.png,Female,0.77
40395.png,Male,1.0
40723.png,Male,0.74
27534.png,Male,0.9
04861.png,Female,0.71
49603.png,Male,0.82
54389.png,Female,0.8
06418.png,Female,0.93
50746.png,Male,0.98
90612.png,Male,0.93
21435.png,Male,0.78
56231.png,Male,0.81
71692.png,Male,0.73
93261.png,Male,0.9
29137.png,Male,0.89
36741.png,Female,0.76
90753.png,Male,0.9
43795.png,Female,0.81
30526.png,Male,0.85
96502.png,Male,0.93
79586.png,Female,0.85
52071.png,Male,0.9
78164.png,Male,0.71
97210.png,Male,0.88
49081.png,Male,0.91
27436.png,Male,0.97
04728.png,Male,0.95
61093.png,Male,0.99
16234.png,Male,0.76
23419.png,Female,0.82
64735.png,Male,0.97
46538.png,Male,0.88
03524.png,Male,0.89
32470.png,Male,0.74
14879.png,Male,0.91
83764.png,Male,0.91
17268.png,Male,0.9
71260.png,Male,0.87
04125.png,Male,0.84
62948.png,Female,0.86
30495.png,Male,0.96
64391.png,Male,0.95
80926.png,Male,0.74
48302.png,Male,0.83
24019.png,Male,0.9
92056.png,Male,0.76
47012.png,Female,0.82
85967.png,Male,0.96
05189.png,Male,0.97
20498.png,Male,0.99
14589.png,Male,0.85
02876.png,Male,0.97
01578.png,Male,0.86
81692.png,Male,0.95
34190.png,Male,0.98
83942.png,Male,0.99
50863.png,Male,0.95
83914.png,Male,0.83
50824.png,Male,0.93
58264.png,Female,0.92
61549.png,Male,0.94
12873.png,Male,0.92
70196.png,Female,0.99
79085.png,Male,0.87
81970.png,Female,0.95
02946.png,Male,0.78
05734.png,Male,0.76
31897.png,Female,0.92
64839.png,Male,0.93
87532.png,Male,0.76
70652.png,Male,0.91
78231.png,Male,0.94
18059.png,Male,0.97
18946.png,Male,0.75
76208.png,Male,0.99
05968.png,Male,0.98
23794.png,Male,0.71
76491.png,Male,0.88
28916.png,Male,0.87
42836.png,Male,0.75
17835.png,Male,0.82
08726.png,Male,0.93
04621.png,Female,0.9
62745.png,Male,0.91
57349.png,Female,0.75
04732.png,Male,0.92
19264.png,Female,0.76
67058.png,Female,0.94
18034.png,Male,0.74
16593.png,Male,0.79
93102.png,Male,0.96
53821.png,Male,0.99
31569.png,Female,0.76
42103.png,Male,0.87
70452.png,Male,0.92
05421.png,Male,0.99
84927.png,Male,0.95
93126.png,Male,0.74
09617.png,Male,0.98
15278.png,Female,0.96
97651.png,Male,0.99
78520.png,Male,0.82
48923.png,Male,0.86
06749.png,Male,0.92
01796.png,Male,0.76
73456.png,Male,0.76
07451.png,Male,0.88
57962.png,Male,0.78
43192.png,Female,0.75
68295.png,Male,0.76
02471.png,Male,0.78
67894.png,Male,0.91
79068.png,Male,0.85
43852.png,Female,0.93
50741.png,Male,0.96
29465.png,Male,0.94
86195.png,Male,0.89
94528.png,Male,0.89
67548.png,Male,0.89
46197.png,Male,0.99
49850.png,Male,0.99
70158.png,Male,0.89
50346.png,Male,0.79
96408.png,Male,0.93
79485.png,Male,0.93
23140.png,Male,0.97
09247.png,Male,0.71
86394.png,Male,0.85
28435.png,Male,0.72
96308.png,Male,0.91
01836.png,Male,0.99
71392.png,Male,0.98
13724.png,Male,0.98
17025.png,Female,0.97
13720.png,Male,0.83
91724.png,Female,0.93
75648.png,Male,0.98
71308.png,Male,0.99
90734.png,Male,0.99
02914.png,Male,0.97
05649.png,Male,0.81
40329.png,Female,0.83
23940.png,Female,0.72
26481.png,Male,0.97
19234.png,Male,0.81
60985.png,Male,0.98
28516.png,Male,0.9
98637.png,Female,0.96
51437.png,Male,0.98
62413.png,Female,0.73
64025.png,Female,0.71
19820.png,Male,0.89
64781.png,Male,0.81
68715.png,Male,0.95
54018.png,Male,0.98
10629.png,Female,0.96
74583.png,Male,0.9
79168.png,Male,0.89
23467.png,Male,0.98
78956.png,Female,0.95
82316.png,Male,0.97
50348.png,Male,0.91
83106.png,Male,0.95
45291.png,Female,0.85
01793.png,Male,0.99
74302.png,Male,0.9
13506.png,Female,0.94
45739.png,Male,0.86
81950.png,Male,0.76
23065.png,Male,0.95
47529.png,Female,0.88
71289.png,Male,0.99
57189.png,Male,0.95
45978.png,Male,0.94
36497.png,Male,0.95
95380.png,Male,0.76
64071.png,Male,0.85
83059.png,Female,0.84
67419.png,Male,0.74
05346.png,Male,0.86
69123.png,Male,0.91
14579.png,Male,0.98
60538.png,Male,0.99
65704.png,Male,0.93
19860.png,Female,0.95
62751.png,Male,0.87
73054.png,Male,0.97
98457.png,Male,0.83
59021.png,Male,0.89
54019.png,Female,0.94
46850.png,Male,0.9
06374.png,Female,0.85
19457.png,Male,0.87
87504.png,Female,0.98
52839.png,Male,0.93
15948.png,Male,0.92
08495.png,Male,0.8
46529.png,Male,0.99
62378.png,Female,0.91
93602.png,Male,0.96
35412.png,Male,0.91
15647.png,Female,0.97
98274.png,Male,0.74
41276.png,Male,0.99
49201.png,Male,0.92
62019.png,Male,0.96
43675.png,Male,0.93
07465.png,Female,0.74
94650.png,Male,0.97
25314.png,Male,0.97
08179.png,Male,0.96
10634.png,Female,0.95
42073.png,Male,0.94
07429.png,Female,0.94
52809.png,Male,0.76
01925.png,Female,0.71
47589.png,Female,0.87
06491.png,Male,0.97
78021.png,Male,0.95
45208.png,Male,0.91
96513.png,Male,0.85
07452.png,Male,0.84
58061.png,Female,0.92
04926.png,Male,0.82
39784.png,Male,0.74
12837.png,Female,0.8
76843.png,Male,0.75
50492.png,Male,0.94
40293.png,Male,0.92
94578.png,Male,0.95
49260.png,Male,0.94
89071.png,Female,0.8
23198.png,Male,0.94
26910.png,Male,0.96
86072.png,Male,0.96
49537.png,Male,0.8
61347.png,Male,0.78
24567.png,Female,0.71
24368.png,Male,0.82
75026.png,Male,0.76
28571.png,Male,0.98
20851.png,Female,0.86
12834.png,Male,0.9
73162.png,Male,0.96
05327.png,Male,0.87
83140.png,Male,0.72
06958.png,Female,0.85
71548.png,Male,0.87
71048.png,Male,0.98
26839.png,Male,0.9
05249.png,Female,0.89
19783.png,Male,0.82
37615.png,Female,0.83
73125.png,Male,0.95
91078.png,Male,0.87
78092.png,Male,0.98
96415.png,Male,0.8
34196.png,Male,0.95
13402.png,Male,0.83
21405.png,Male,0.97
26831.png,Female,0.8
34782.png,Male,0.97
94087.png,Female,0.77
85417.png,Male,0.87
17359.png,Male,0.98
27034.png,Male,0.98
54621.png,Female,0.94
65978.png,Male,0.94
85690.png,Female,0.9
50167.png,Male,0.99
17652.png,Male,0.92
01943.png,Male,0.77
04857.png,Female,0.76
04782.png,Male,0.71
57982.png,Male,0.95
91058.png,Male,0.98
69850.png,Male,0.97
27391.png,Male,0.98
23715.png,Female,0.9
46528.png,Male,0.74
96183.png,Male,0.83
50483.png,Male,0.73
48927.png,Male,0.92
73846.png,Male,0.9
20381.png,Male,0.75
87341.png,Male,0.88
38456.png,Male,0.97
01359.png,Male,0.92
41832.png,Male,0.74
04187.png,Male,0.97
13672.png,Female,0.72
18526.png,Male,0.97
14263.png,Male,0.84
12376.png,Male,0.84
69813.png,Male,0.96
73256.png,Male,0.94
76542.png,Female,0.79
94085.png,Male,0.9
79128.png,Male,0.94
23164.png,Female,0.76
05461.png,Male,0.81
40512.png,Male,0.95
45691.png,Female,0.92
91045.png,Male,0.79
19753.png,Female,0.74
12604.png,Female,0.86
32706.png,Male,0.87
06845.png,Male,0.79
65824.png,Male,0.95
94360.png,Female,0.77
01329.png,Male,0.87
90742.png,Male,0.93
06829.png,Male,0.84
18792.png,Male,0.99
23094.png,Female,0.85
14583.png,Male,0.83
20341.png,Male,0.91
34618.png,Male,0.96
48125.png,Male,0.99
02974.png,Male,0.83
62573.png,Male,0.76
85496.png,Male,0.94
36957.png,Female,0.85
87691.png,Female,0.95
15847.png,Male,0.94
08917.png,Male,0.84
98654.png,Female,0.71
34576.png,Male,0.96
17642.png,Male,0.89
96153.png,Male,0.85
91423.png,Male,0.79
21963.png,Male,0.71
70235.png,Male,0.83
49675.png,Male,0.95
01548.png,Male,0.86
47528.png,Female,0.91
07436.png,Female,0.75
29587.png,Male,0.91
01827.png,Male,0.96
69524.png,Male,0.97
97438.png,Male,0.97
13096.png,Male,0.96
03984.png,Male,0.92
67284.png,Male,0.91
28564.png,Male,0.94
86293.png,Male,0.93
86930.png,Male,0.95
47982.png,Male,0.72
79243.png,Male,0.94
41502.png,Male,0.94
86135.png,Male,0.94
67043.png,Male,0.98
54062.png,Male,0.85
10837.png,Male,0.96
43716.png,Male,0.75
78945.png,Male,0.97
84107.png,Female,0.81
95637.png,Female,0.98
89067.png,Male,0.75
76083.png,Female,0.86
52473.png,Male,0.96
61937.png,Male,0.82
49652.png,Female,0.79
17425.png,Male,0.84
21804.png,Male,0.96
80591.png,Male,0.92
96231.png,Male,0.95
03296.png,Female,0.92
16395.png,Male,0.98
81436.png,Male,0.98
09528.png,Male,0.81
06759.png,Male,0.9
12394.png,Female,0.96
59837.png,Male,0.77
54270.png,Male,0.95
24569.png,Male,0.91
27963.png,Male,0.92
25931.png,Male,0.96
41768.png,Male,0.79
54693.png,Female,0.8
39478.png,Male,0.94
92187.png,Female,0.85
34870.png,Male,0.98
49327.png,Male,0.73
60721.png,Male,0.98
89371.png,Male,0.8
82097.png,Female,0.81
15379.png,Male,0.96
56309.png,Male,0.91
31467.png,Male,0.92
04316.png,Male,0.9
10956.png,Male,0.96
40819.png,Male,0.98
72605.png,Male,0.72
89275.png,Male,0.95
50293.png,Male,0.87
65734.png,Male,0.95
17023.png,Male,0.75
79234.png,Female,0.76
76923.png,Male,0.73
46137.png,Male,0.83
42690.png,Male,0.99
98203.png,Male,0.77
86207.png,Male,0.98
08539.png,Male,0.84
05489.png,Male,0.97
90471.png,Male,0.74
34170.png,Male,0.92
50764.png,Male,0.96
81942.png,Male,0.84
46792.png,Male,0.96
23015.png,Male,0.82
21978.png,Male,0.75
93462.png,Male,0.92
39725.png,Female,0.86
16758.png,Male,0.96
17439.png,Male,0.85
91680.png,Female,0.79
58364.png,Female,0.91
17630.png,Male,0.94
05214.png,Male,0.93
30126.png,Male,0.87
30571.png,Male,0.93
64730.png,Male,0.82
36201.png,Female,0.75
92015.png,Male,0.98
96370.png,Female,0.71
92718.png,Male,0.85
03281.png,Male,0.77
23817.png,Male,0.97
40693.png,Male,0.89
63805.png,Male,0.96
10528.png,Female,0.81
10258.png,Male,0.83
16420.png,Male,0.91
10639.png,Female,0.8
50869.png,Male,0.9
28691.png,Male,0.99
89043.png,Female,0.97
58607.png,Male,0.88
36752.png,Male,0.92
30782.png,Male,0.95
37916.png,Female,0.89
16723.png,Male,0.99
61820.png,Male,0.91
54639.png,Male,0.98
42063.png,Male,0.89
18679.png,Male,0.78
19384.png,Female,0.89
97406.png,Male,0.99
10963.png,Male,0.98
30954.png,Male,0.99
20316.png,Male,0.92
74218.png,Male,0.9
39247.png,Male,0.79
48760.png,Male,0.77
13695.png,Female,0.72
51693.png,Male,0.96
31896.png,Male,0.82
40597.png,Male,0.78
72964.png,Male,0.77
45367.png,Male,0.86
13960.png,Male,0.85
90728.png,Female,0.92
85061.png,Male,0.98
30154.png,Male,0.95
30927.png,Male,0.81
56738.png,Male,0.81
93481.png,Male,0.82
47652.png,Female,0.82
90148.png,Male,0.85
98602.png,Male,0.96
36789.png,Male,0.9
74562.png,Male,0.98
75469.png,Female,0.91
95478.png,Female,0.95
95723.png,Male,0.74
69327.png,Female,0.87
93718.png,Male,0.83
93057.png,Female,0.85
24975.png,Female,0.99
06125.png,Female,0.94
75209.png,Male,0.98
32960.png,Male,0.97
24197.png,Male,0.86
59473.png,Male,0.86
65708.png,Female,0.92
60357.png,Male,0.96
01835.png,Male,0.98
86934.png,Male,0.76
46783.png,Male,0.92
02846.png,Male,0.92
21346.png,Male,0.88
82704.png,Male,0.82
12495.png,Male,0.9
65871.png,Female,0.86
02193.png,Female,0.76
95403.png,Female,0.94
63195.png,Male,0.73
94158.png,Male,0.82
81724.png,Male,0.99
03718.png,Male,0.99
93425.png,Male,0.95
96325.png,Male,0.98
02641.png,Male,0.86
38590.png,Male,0.97
59871.png,Female,0.74
28450.png,Male,0.96
63187.png,Female,0.76
98504.png,Male,0.97
16532.png,Male,0.75
26374.png,Male,0.98
59836.png,Female,0.86
84265.png,Male,0.93
39018.png,Female,0.72
95173.png,Male,0.87
19635.png,Male,0.87
45289.png,Male,0.86
27816.png,Female,0.84
68423.png,Male,0.92
01235.png,Male,0.96
57921.png,Male,0.99
32690.png,Female,0.95
08546.png,Female,0.75
37402.png,Female,0.83
58176.png,Male,0.88
38246.png,Male,0.87
68507.png,Male,0.73
08275.png,Male,0.94
97102.png,Male,0.74
09827.png,Male,0.94
57831.png,Male,0.84
17530.png,Male,0.91
37621.png,Male,0.85
76598.png,Female,0.91
23597.png,Male,0.91
80265.png,Male,0.97
28637.png,Male,0.98
89740.png,Male,0.93
94302.png,Male,0.99
10542.png,Male,0.79
25739.png,Male,0.94
23658.png,Male,0.95
70914.png,Male,0.98
85362.png,Female,0.84
92038.png,Male,0.78
18547.png,Male,0.92
68927.png,Male,0.82
73489.png,Male,0.94
19526.png,Male,0.98
36098.png,Male,0.99
13285.png,Male,0.97
82760.png,Female,0.74
04851.png,Male,0.81
09618.png,Female,0.91
91082.png,Male,0.86
76285.png,Male,0.73
19607.png,Male,0.94
10489.png,Male,0.81
06425.png,Female,0.87
95176.png,Male,0.96
29015.png,Male,0.82
50981.png,Female,0.79
29380.png,Female,0.71
72419.png,Male,0.93
02456.png,Male,0.91
62581.png,Male,0.8
71459.png,Male,0.97
27398.png,Female,0.94
49152.png,Male,0.85
51630.png,Male,0.98
78450.png,Female,0.91
78236.png,Male,0.91
65413.png,Male,0.99
80614.png,Male,0.92
12396.png,Male,0.96
40268.png,Male,0.93
28403.png,Female,0.98
48123.png,Male,0.98
97832.png,Male,0.97
70324.png,Male,0.95
13647.png,Female,0.91
10946.png,Male,0.78
41890.png,Male,0.98
65238.png,Male,0.99
52037.png,Female,0.77
32415.png,Male,0.87
39820.png,Male,0.98
82453.png,Male,0.91
38156.png,Male,0.96
81956.png,Male,0.97
56917.png,Male,0.94
03146.png,Male,0.93
70189.png,Female,0.94
74126.png,Male,0.94
26459.png,Male,0.99
93168.png,Male,0.75
50241.png,Male,0.88
81549.png,Female,0.93
40958.png,Female,0.78
35178.png,Female,0.92
27369.png,Male,0.92
37254.png,Male,0.92
96174.png,Male,0.99
49176.png,Male,0.97
71486.png,Male,0.79
10287.png,Male,0.98
72504.png,Female,0.9
75163.png,Female,0.71
17450.png,Male,0.97
34897.png,Female,0.84
67051.png,Male,0.97
93284.png,Female,0.85
04273.png,Male,0.75
04873.png,Male,0.72
79512.png,Male,0.74
35902.png,Male,0.97
90637.png,Female,0.88
61349.png,Male,0.95
75960.png,Female,0.98
74061.png,Male,0.9
49580.png,Male,0.97
07825.png,Male,0.98
28964.png,Female,0.91
47209.png,Male,0.74
07615.png,Male,0.99
60478.png,Male,0.97
84362.png,Male,0.98
80174.png,Male,0.95
90163.png,Male,0.94
36954.png,Male,0.86
83520.png,Male,0.96
29708.png,Male,0.99
29847.png,Male,0.95
02146.png,Female,0.89
04356.png,Male,0.79
63097.png,Male,0.88
19758.png,Male,0.92
31624.png,Male,0.98
29351.png,Female,0.93
74910.png,Male,0.95
73518.png,Male,0.89
82793.png,Male,0.89
67208.png,Female,0.74
48513.png,Male,0.96
21650.png,Male,0.81
70426.png,Male,0.88
39672.png,Female,0.94
92051.png,Female,0.76
92051.png,Male,0.72
34950.png,Male,0.95
10784.png,Male,0.96
67598.png,Male,0.93
72309.png,Male,0.93
57912.png,Female,0.84
67485.png,Male,0.95
91367.png,Male,0.76
97068.png,Male,0.99
83290.png,Male,0.9
06738.png,Male,0.94
75239.png,Female,0.99
34567.png,Male,0.96
65409.png,Male,0.97
87023.png,Male,0.88
14783.png,Female,0.86
27430.png,Male,0.9
27430.png,Female,0.8
25901.png,Female,0.88
89360.png,Male,0.98
43217.png,Male,0.93
01247.png,Male,0.99
98105.png,Male,0.97
37504.png,Female,0.76
39067.png,Male,0.93
85476.png,Male,0.94
61038.png,Male,0.92
49802.png,Male,0.82
96471.png,Male,0.83
76498.png,Female,0.82
07236.png,Female,0.91
80379.png,Male,0.89
97638.png,Female,0.78
14632.png,Male,0.74
61408.png,Male,0.89
05479.png,Male,0.76
03875.png,Female,0.92
08517.png,Male,0.91
92708.png,Male,0.93
47095.png,Male,0.79
20543.png,Female,0.81
18562.png,Female,0.93
50921.png,Female,0.85
87146.png,Male,0.97
89236.png,Male,0.98
57183.png,Female,0.92
34925.png,Male,0.93
81647.png,Male,0.98
70825.png,Male,0.94
53768.png,Male,0.81
63275.png,Male,0.96
78104.png,Male,0.8
10423.png,Male,0.9
01276.png,Female,0.84
26407.png,Male,0.94
36812.png,Male,0.86
60597.png,Male,0.77
71596.png,Female,0.93
69750.png,Male,0.95
46293.png,Female,0.93
71058.png,Male,0.98
62147.png,Male,0.75
80253.png,Female,0.71
30478.png,Male,0.93
05174.png,Male,0.98
08132.png,Male,0.99
06439.png,Male,0.98
40896.png,Male,0.95
37862.png,Male,0.91
38576.png,Male,0.94
02576.png,Male,0.97
25376.png,Male,0.74
47926.png,Male,0.74
87425.png,Male,0.96
01658.png,Male,0.92
02459.png,Male,0.96
76134.png,Female,0.9
76134.png,Male,0.75
86325.png,Male,0.98
95863.png,Female,0.74
61257.png,Male,0.97
52610.png,Female,0.91
73259.png,Female,0.8
57103.png,Male,0.77
01389.png,Male,0.75
92436.png,Male,0.88
17093.png,Male,0.85
25830.png,Female,0.8
54692.png,Male,0.88
82743.png,Male,0.93
42903.png,Female,0.77
49716.png,Male,0.94
30519.png,Male,0.79
78924.png,Male,0.98
65380.png,Male,0.76
49017.png,Male,0.96
51978.png,Male,0.96
95876.png,Male,0.97
62719.png,Male,0.79
14283.png,Male,0.85
08173.png,Female,0.78
14829.png,Male,0.99
24765.png,Male,0.98
02795.png,Male,0.9
25013.png,Male,0.75
45780.png,Male,0.8
96583.png,Female,0.96
49750.png,Male,0.82
40312.png,Male,0.96
29148.png,Male,0.94
67129.png,Male,0.94
15432.png,Male,0.74
78054.png,Male,0.91
27901.png,Male,0.72
94651.png,Female,0.97
21534.png,Male,0.97
48079.png,Male,0.81
25610.png,Female,0.76
60741.png,Male,0.98
43680.png,Female,0.71
61497.png,Female,0.91
19458.png,Male,0.83
24309.png,Male,0.96
05869.png,Male,0.93
75438.png,Male,0.77
09124.png,Male,0.78
40572.png,Female,0.93
38952.png,Male,0.97
45180.png,Male,0.95
07268.png,Male,0.93
65917.png,Male,0.99
72461.png,Female,0.92
29476.png,Male,0.98
07645.png,Male,0.95
30492.png,Male,0.77
37021.png,Male,0.88
34502.png,Male,0.97
14327.png,Male,0.9
47056.png,Male,0.75
19763.png,Male,0.98
21904.png,Male,0.94
41268.png,Male,0.98
42083.png,Male,0.77
29710.png,Male,0.95
86750.png,Male,0.95
02149.png,Male,0.79
02164.png,Male,0.73
61873.png,Male,0.82
37628.png,Male,0.94
59401.png,Male,0.93
38061.png,Female,0.76
25693.png,Male,0.88
25791.png,Male,0.94
50649.png,Male,0.96
52640.png,Female,0.92
86170.png,Male,0.92
28197.png,Male,0.89
67398.png,Male,0.99
45698.png,Male,0.98
46759.png,Female,0.83
13259.png,Female,0.96
13962.png,Male,0.81
53420.png,Male,0.95
81705.png,Male,0.89
94176.png,Male,0.99
38946.png,Female,0.87
14823.png,Male,0.97
58349.png,Female,0.72
56432.png,Male,0.99
89263.png,Male,0.91
40578.png,Male,0.83
02789.png,Male,0.97
54931.png,Male,0.76
18246.png,Male,0.92
21036.png,Male,0.98
10749.png,Male,0.97
17340.png,Male,0.98
59028.png,Male,0.8
98537.png,Female,0.93
95687.png,Male,0.78
85317.png,Male,0.97
81027.png,Male,0.94
87621.png,Male,0.98
07694.png,Male,0.99
58679.png,Male,0.97
14679.png,Female,0.86
83095.png,Male,0.81
82436.png,Male,0.85
95810.png,Male,0.9
92734.png,Male,0.86
18945.png,Male,0.84
81263.png,Male,0.87
67831.png,Male,0.85
82731.png,Female,0.75
68034.png,Male,0.99
82539.png,Male,0.99
23087.png,Female,0.82
13587.png,Male,0.95
48317.png,Male,0.78
96327.png,Male,0.88
27145.png,Male,0.94
38697.png,Female,0.89
12804.png,Male,0.78
76942.png,Female,0.96
70183.png,Male,0.92
46907.png,Male,0.77
56429.png,Male,0.76
18204.png,Male,0.86
05296.png,Male,0.98
80347.png,Male,0.8
43702.png,Female,0.8
97426.png,Male,0.78
67348.png,Male,0.8
10983.png,Male,0.98
03847.png,Male,0.84
20538.png,Male,0.89
59346.png,Male,0.91
59731.png,Male,0.86
40167.png,Male,0.76
13470.png,Male,0.99
72945.png,Male,0.98
24653.png,Male,0.86
47289.png,Male,0.97
50461.png,Male,0.94
07458.png,Male,0.96
47518.png,Female,0.79
73250.png,Male,0.9
60374.png,Male,0.96
59482.png,Male,0.92
69052.png,Male,0.95
35942.png,Male,0.77
94031.png,Female,0.76
65430.png,Male,0.87
68517.png,Male,0.99
48520.png,Male,0.96
31509.png,Female,0.94
72968.png,Male,0.81
86730.png,Male,0.87
37865.png,Male,0.96
36821.png,Male,0.89
40815.png,Male,0.79
89461.png,Male,0.97
45189.png,Male,0.84
47210.png,Female,0.94
84620.png,Male,0.9
26049.png,Male,0.97
65179.png,Male,0.9
52316.png,Female,0.76
16248.png,Male,0.72
10458.png,Male,0.95
65108.png,Male,0.97
59034.png,Male,0.84
84059.png,Female,0.93
06827.png,Male,0.77
17860.png,Male,0.84
65819.png,Male,0.87
43612.png,Male,0.82
84510.png,Male,0.95
43691.png,Male,0.98
35907.png,Female,0.85
78064.png,Female,0.89
80524.png,Male,0.98
52738.png,Female,0.91
27156.png,Male,0.82
39528.png,Male,0.96
18427.png,Male,0.71
91845.png,Male,0.98
96421.png,Female,0.91
92567.png,Female,0.73
64593.png,Female,0.95
07561.png,Male,0.94
69013.png,Male,0.97
92710.png,Male,0.99
02569.png,Female,0.95
01256.png,Female,0.74
08295.png,Male,0.97
40321.png,Male,0.97
43216.png,Male,1.0
54830.png,Male,0.95
97531.png,Female,0.78
04819.png,Female,0.9
13620.png,Male,0.89
39170.png,Male,0.86
12649.png,Male,0.98
85267.png,Male,0.96
23761.png,Male,0.9
10895.png,Male,0.96
14573.png,Female,0.89
75840.png,Male,0.97
07651.png,Female,0.95
35146.png,Male,0.96
43506.png,Male,0.97
56123.png,Male,0.85
68192.png,Male,0.91
92613.png,Male,0.91
27864.png,Male,0.99
83972.png,Male,0.98
76549.png,Male,0.74
90564.png,Male,0.82
69428.png,Male,0.94
96123.png,Male,0.9
19523.png,Male,0.97
46831.png,Female,0.97
59278.png,Male,0.98
05329.png,Male,0.91
