image_id,animal,prob
63952.png,surprise,0.75
78429.png,surprise,0.88
29814.png,surprise,0.73
54318.png,surprise,0.96
70842.png,surprise,0.71
27450.png,happy,0.71
47386.png,surprise,0.92
02169.png,surprise,0.95
98721.png,surprise,0.97
06985.png,surprise,0.72
23401.png,surprise,0.98
94067.png,surprise,0.84
70614.png,surprise,0.97
28437.png,surprise,0.96
47628.png,surprise,0.98
18236.png,fear,0.76
68503.png,surprise,0.97
70329.png,surprise,0.91
34609.png,anger,0.72
80653.png,fear,0.71
91803.png,fear,0.78
59487.png,surprise,0.96
73849.png,happy,0.77
81792.png,surprise,0.92
78243.png,surprise,0.96
78243.png,surprise,0.93
45128.png,surprise,0.85
57284.png,sad,0.79
14870.png,surprise,0.95
93142.png,surprise,0.98
58631.png,surprise,0.96
37548.png,surprise,0.96
51397.png,surprise,0.92
94675.png,surprise,0.97
05784.png,surprise,0.95
15083.png,happy,0.77
93024.png,surprise,0.75
30241.png,surprise,0.93
72364.png,surprise,0.91
16873.png,surprise,0.88
98513.png,surprise,0.91
47208.png,surprise,0.72
13596.png,surprise,0.83
61893.png,surprise,0.95
98720.png,sad,0.75
40198.png,fear,0.75
38097.png,surprise,0.96
54263.png,surprise,0.98
62739.png,happy,0.76
86217.png,surprise,0.81
09376.png,anger,0.95
42169.png,surprise,0.73
07618.png,surprise,0.96
50619.png,surprise,0.97
28970.png,surprise,0.9
69014.png,surprise,0.97
80196.png,surprise,0.97
82137.png,fear,0.78
82137.png,fear,0.76
41063.png,fear,0.89
41063.png,surprise,0.81
41063.png,fear,0.74
25971.png,surprise,0.82
73506.png,surprise,0.98
73506.png,fear,0.79
73506.png,fear,0.71
83615.png,fear,0.78
83615.png,fear,0.73
83615.png,fear,0.73
65809.png,sad,0.96
94560.png,sad,0.8
61395.png,surprise,0.84
43519.png,surprise,0.91
05712.png,surprise,0.79
76254.png,surprise,0.92
09851.png,sad,0.91
12570.png,anger,0.81
15938.png,surprise,0.87
69713.png,surprise,0.94
69713.png,happy,0.78
19238.png,surprise,0.96
69512.png,surprise,0.92
26437.png,surprise,0.88
50236.png,surprise,0.97
30764.png,surprise,0.72
14068.png,disgust,0.82
34715.png,surprise,0.84
19470.png,surprise,0.88
83591.png,sad,0.78
01956.png,surprise,0.94
01893.png,surprise,0.79
91345.png,happy,0.84
96307.png,surprise,0.87
56482.png,anger,0.97
42801.png,happy,0.82
42801.png,surprise,0.73
17935.png,surprise,0.97
17935.png,fear,0.74
54683.png,surprise,0.97
86701.png,surprise,0.91
68270.png,surprise,0.97
68270.png,happy,0.8
17852.png,surprise,0.83
17852.png,surprise,0.71
59601.png,fear,0.77
49185.png,happy,0.76
06328.png,surprise,0.79
06328.png,happy,0.73
12763.png,surprise,0.94
42986.png,fear,0.72
83960.png,surprise,0.92
81457.png,surprise,0.89
76431.png,surprise,0.94
65140.png,surprise,0.96
65140.png,fear,0.77
23197.png,surprise,0.97
23197.png,happy,0.75
19537.png,surprise,0.98
63104.png,sad,0.74
94610.png,surprise,0.93
94610.png,fear,0.78
54682.png,sad,0.79
96078.png,happy,0.72
42391.png,fear,0.8
42391.png,happy,0.73
57630.png,surprise,0.97
54689.png,surprise,0.88
72431.png,surprise,0.9
53068.png,surprise,0.97
04759.png,surprise,0.98
70396.png,surprise,0.75
70396.png,happy,0.74
76038.png,sad,0.79
76139.png,surprise,0.92
19780.png,surprise,0.8
05789.png,anger,0.76
01829.png,fear,0.74
98463.png,surprise,0.87
98463.png,surprise,0.72
87120.png,happy,0.72
31649.png,fear,0.71
45286.png,anger,0.85
89216.png,surprise,0.9
84069.png,surprise,0.94
50372.png,surprise,0.89
58239.png,disgust,0.72
78015.png,anger,0.75
34975.png,surprise,0.93
28439.png,sad,0.89
28439.png,fear,0.77
67103.png,sad,0.8
28397.png,surprise,0.97
49713.png,surprise,0.79
67054.png,surprise,0.82
40125.png,sad,0.78
40125.png,happy,0.71
12650.png,surprise,0.86
36927.png,surprise,0.93
36927.png,surprise,0.82
10875.png,fear,0.73
61425.png,disgust,0.84
87594.png,surprise,0.96
34602.png,surprise,0.76
45912.png,fear,0.75
46890.png,surprise,0.83
13874.png,surprise,0.86
13874.png,happy,0.78
18650.png,surprise,0.91
73984.png,fear,0.76
41637.png,fear,0.71
08147.png,surprise,0.97
04267.png,surprise,0.97
83765.png,surprise,0.93
92358.png,sad,0.73
45608.png,happy,0.8
56972.png,sad,0.82
36970.png,surprise,0.92
36970.png,happy,0.76
90756.png,surprise,0.87
90756.png,surprise,0.71
47239.png,surprise,0.75
71930.png,happy,0.73
17904.png,fear,0.75
17904.png,happy,0.74
39241.png,surprise,0.94
02584.png,surprise,0.94
34920.png,surprise,0.87
67041.png,surprise,0.98
54781.png,anger,0.72
57608.png,surprise,0.9
78652.png,surprise,0.97
78652.png,happy,0.75
54782.png,fear,0.78
83571.png,surprise,0.96
71843.png,surprise,0.79
98706.png,surprise,0.96
41623.png,surprise,0.9
29851.png,surprise,0.88
56812.png,happy,0.76
23957.png,anger,0.81
08415.png,fear,0.72
63749.png,sad,0.78
29308.png,surprise,0.95
19507.png,surprise,0.79
83402.png,happy,0.81
91340.png,happy,0.82
58609.png,surprise,0.98
57169.png,surprise,0.87
98124.png,surprise,0.97
98124.png,happy,0.71
06847.png,surprise,0.98
06847.png,surprise,0.8
14769.png,surprise,0.87
92601.png,surprise,0.98
34208.png,surprise,0.92
34208.png,fear,0.77
59048.png,surprise,0.98
82360.png,surprise,0.93
75941.png,sad,0.79
79368.png,surprise,0.93
79368.png,surprise,0.79
05463.png,surprise,0.98
48376.png,surprise,0.98
79830.png,fear,0.73
74356.png,surprise,0.93
38674.png,surprise,0.9
61732.png,surprise,0.97
32856.png,surprise,0.77
32856.png,surprise,0.75
61748.png,sad,0.76
30142.png,fear,0.79
30142.png,happy,0.76
98427.png,surprise,0.94
98427.png,surprise,0.72
16824.png,sad,0.8
31472.png,surprise,0.79
31472.png,happy,0.78
31472.png,happy,0.75
28590.png,surprise,0.97
25438.png,fear,0.72
57160.png,surprise,0.72
13579.png,happy,0.74
36907.png,happy,0.76
36907.png,happy,0.76
36907.png,happy,0.74
78921.png,surprise,0.96
42681.png,disgust,0.71
90326.png,surprise,0.81
42398.png,happy,0.8
34178.png,happy,0.76
73205.png,surprise,0.77
67520.png,sad,0.74
51789.png,surprise,0.96
51789.png,fear,0.76
51789.png,fear,0.74
32546.png,surprise,0.87
27914.png,sad,0.91
08146.png,surprise,0.89
94378.png,surprise,0.84
64038.png,anger,0.78
03962.png,surprise,0.85
79104.png,surprise,0.92
96840.png,surprise,0.77
71840.png,fear,0.71
85614.png,surprise,0.73
45206.png,surprise,0.91
71083.png,surprise,0.95
15820.png,surprise,0.98
17386.png,fear,0.71
14037.png,surprise,0.94
86041.png,surprise,0.84
41795.png,surprise,0.93
15983.png,surprise,0.92
60812.png,surprise,0.98
87914.png,sad,0.89
18640.png,surprise,0.78
63052.png,surprise,0.97
01823.png,sad,0.77
47123.png,surprise,0.91
47123.png,fear,0.74
12709.png,surprise,0.97
94861.png,surprise,0.9
84392.png,happy,0.81
86351.png,happy,0.78
86351.png,fear,0.71
46205.png,surprise,0.89
46205.png,happy,0.81
46205.png,fear,0.73
17420.png,surprise,0.86
27496.png,fear,0.76
25913.png,happy,0.72
94731.png,surprise,0.93
94731.png,surprise,0.87
94731.png,fear,0.81
73406.png,surprise,0.87
89170.png,surprise,0.96
07836.png,surprise,0.87
79405.png,surprise,0.89
79405.png,surprise,0.87
24603.png,surprise,0.89
59726.png,surprise,0.93
08537.png,surprise,0.92
52301.png,surprise,0.91
78294.png,surprise,0.75
24971.png,fear,0.75
31705.png,happy,0.79
90126.png,happy,0.74
71365.png,fear,0.76
82156.png,surprise,0.73
16870.png,surprise,0.91
34659.png,surprise,0.8
34659.png,anger,0.73
84150.png,surprise,0.85
02947.png,happy,0.71
84236.png,surprise,0.77
32691.png,sad,0.76
80157.png,surprise,0.96
58321.png,surprise,0.82
75481.png,surprise,0.81
72893.png,surprise,0.9
56807.png,surprise,0.89
56807.png,surprise,0.76
56807.png,fear,0.71
18960.png,surprise,0.95
75104.png,surprise,0.97
86450.png,surprise,0.76
86450.png,happy,0.72
10932.png,surprise,0.89
08924.png,surprise,0.94
85173.png,happy,0.73
32409.png,surprise,0.97
97103.png,surprise,0.71
49120.png,fear,0.71
04217.png,surprise,0.8
93578.png,surprise,0.99
04785.png,surprise,0.98
04785.png,surprise,0.79
89162.png,fear,0.81
01627.png,surprise,0.97
85761.png,sad,0.76
53021.png,surprise,0.93
53021.png,surprise,0.85
80395.png,surprise,0.96
90534.png,surprise,0.92
61754.png,surprise,0.93
98406.png,surprise,0.95
96023.png,surprise,0.92
28495.png,surprise,0.91
92086.png,happy,0.71
05819.png,happy,0.75
82459.png,surprise,0.82
20568.png,happy,0.71
69025.png,surprise,0.83
97204.png,surprise,0.95
56183.png,surprise,0.96
56183.png,fear,0.72
15064.png,sad,0.74
54917.png,surprise,0.87
95718.png,fear,0.88
85261.png,happy,0.78
63290.png,surprise,0.95
08613.png,sad,0.73
15078.png,happy,0.73
85293.png,surprise,0.88
98723.png,fear,0.78
23564.png,surprise,0.83
95237.png,anger,0.88
43069.png,happy,0.72
91358.png,fear,0.8
08914.png,anger,0.79
59316.png,happy,0.74
85930.png,surprise,0.94
94813.png,surprise,0.96
23807.png,disgust,0.77
63295.png,surprise,0.96
30745.png,surprise,0.96
46507.png,happy,0.8
25067.png,surprise,0.92
50823.png,fear,0.72
89160.png,happy,0.81
53764.png,surprise,0.98
68019.png,surprise,0.84
87013.png,anger,0.79
95203.png,surprise,0.89
95203.png,fear,0.72
71942.png,surprise,0.84
32709.png,surprise,0.84
04397.png,surprise,0.96
01364.png,surprise,0.92
56210.png,surprise,0.96
56210.png,happy,0.75
07385.png,surprise,0.92
85621.png,surprise,0.9
85621.png,fear,0.72
64370.png,surprise,0.78
49536.png,surprise,0.81
49536.png,surprise,0.78
49536.png,happy,0.76
39217.png,happy,0.74
38410.png,disgust,0.94
18593.png,happy,0.86
18593.png,surprise,0.86
52369.png,fear,0.74
67983.png,sad,0.72
69235.png,surprise,0.9
69348.png,surprise,0.92
82457.png,surprise,0.77
95371.png,surprise,0.94
93405.png,surprise,0.78
46520.png,happy,0.72
87695.png,surprise,0.98
87695.png,happy,0.73
59408.png,surprise,0.84
20749.png,surprise,0.75
23407.png,surprise,0.93
76924.png,surprise,0.9
76924.png,happy,0.82
96354.png,surprise,0.97
46721.png,surprise,0.91
62859.png,surprise,0.98
01498.png,fear,0.71
07539.png,surprise,0.81
07539.png,happy,0.78
46938.png,surprise,0.98
01962.png,surprise,0.97
39058.png,surprise,0.78
09312.png,surprise,0.98
39465.png,happy,0.75
39465.png,fear,0.71
56709.png,surprise,0.94
56709.png,fear,0.73
97162.png,happy,0.75
47859.png,surprise,0.78
52103.png,surprise,0.9
52103.png,surprise,0.78
23745.png,surprise,0.77
03794.png,fear,0.78
40913.png,fear,0.84
71649.png,surprise,0.75
21589.png,surprise,0.97
43820.png,fear,0.79
43820.png,surprise,0.75
90625.png,surprise,0.97
07193.png,surprise,0.93
07193.png,surprise,0.74
87196.png,surprise,0.95
79845.png,happy,0.73
73198.png,fear,0.74
01392.png,surprise,0.95
30412.png,surprise,0.96
15029.png,surprise,0.78
58370.png,surprise,0.83
79105.png,fear,0.75
28610.png,surprise,0.96
70164.png,surprise,0.98
04597.png,fear,0.9
39078.png,disgust,0.83
94305.png,happy,0.79
94305.png,happy,0.74
51624.png,surprise,0.98
51624.png,fear,0.76
75130.png,surprise,0.97
30872.png,surprise,0.87
40735.png,surprise,0.8
06893.png,surprise,0.95
03594.png,surprise,0.79
37829.png,surprise,0.94
82673.png,fear,0.77
35497.png,surprise,0.98
25837.png,surprise,0.9
72948.png,surprise,0.92
72948.png,surprise,0.8
91738.png,sad,0.86
78304.png,surprise,0.94
79351.png,fear,0.71
96708.png,surprise,0.81
51849.png,sad,0.78
97804.png,fear,0.88
36804.png,happy,0.72
81394.png,surprise,0.94
16538.png,surprise,0.83
10254.png,surprise,0.97
98321.png,sad,0.83
26315.png,surprise,0.89
83461.png,surprise,0.93
57821.png,surprise,0.96
39470.png,sad,0.89
96381.png,surprise,0.82
70143.png,happy,0.75
70143.png,disgust,0.72
42068.png,surprise,0.97
38742.png,surprise,0.76
87521.png,happy,0.78
59062.png,surprise,0.98
82940.png,fear,0.84
83256.png,fear,0.77
83256.png,happy,0.76
71824.png,fear,0.91
71824.png,fear,0.9
47836.png,sad,0.79
18524.png,surprise,0.95
18524.png,fear,0.73
51086.png,surprise,0.98
81245.png,fear,0.75
51092.png,surprise,0.83
90461.png,surprise,0.81
35671.png,surprise,0.94
70923.png,surprise,0.77
74615.png,surprise,0.86
13986.png,happy,0.76
93416.png,surprise,0.87
19602.png,anger,0.92
06387.png,surprise,0.86
59672.png,surprise,0.86
59672.png,surprise,0.78
80537.png,fear,0.89
48315.png,surprise,0.91
48315.png,surprise,0.9
46123.png,surprise,0.84
46123.png,happy,0.73
79850.png,happy,0.74
78539.png,surprise,0.97
21403.png,surprise,0.84
56430.png,surprise,0.93
38290.png,happy,0.76
79682.png,happy,0.78
34092.png,surprise,0.94
27514.png,surprise,0.87
23076.png,surprise,0.89
95102.png,happy,0.82
31729.png,surprise,0.88
35017.png,surprise,0.97
76532.png,surprise,0.98
51892.png,surprise,0.85
51892.png,surprise,0.71
16072.png,surprise,0.92
54831.png,surprise,0.94
54831.png,surprise,0.92
54831.png,surprise,0.86
97041.png,surprise,0.87
04827.png,fear,0.78
21065.png,surprise,0.96
21065.png,happy,0.76
59107.png,surprise,0.95
02461.png,fear,0.77
03678.png,surprise,0.79
45836.png,surprise,0.98
40397.png,surprise,0.84
72310.png,surprise,0.85
03148.png,surprise,0.97
72195.png,fear,0.71
54713.png,surprise,0.97
36924.png,sad,0.81
47826.png,surprise,0.87
47826.png,surprise,0.72
32857.png,sad,0.79
89574.png,surprise,0.92
34207.png,sad,0.77
46231.png,surprise,0.85
46231.png,sad,0.82
63182.png,surprise,0.82
63182.png,fear,0.73
75832.png,sad,0.86
02934.png,surprise,0.78
43610.png,fear,0.78
67241.png,surprise,0.81
98573.png,surprise,0.96
87365.png,surprise,0.88
86714.png,surprise,0.88
61308.png,surprise,0.96
61308.png,happy,0.76
31482.png,happy,0.72
35074.png,surprise,0.96
43651.png,surprise,0.91
43651.png,happy,0.76
24538.png,surprise,0.78
48329.png,surprise,0.97
90842.png,anger,0.82
69520.png,surprise,0.97
87304.png,surprise,0.94
06714.png,surprise,0.95
10682.png,fear,0.71
10682.png,fear,0.71
30157.png,surprise,0.94
87649.png,surprise,0.98
56497.png,happy,0.75
62315.png,surprise,0.97
60345.png,surprise,0.84
38051.png,surprise,0.85
23908.png,surprise,0.98
78953.png,surprise,0.94
89476.png,happy,0.86
23068.png,surprise,0.98
37054.png,surprise,0.89
37054.png,happy,0.77
42967.png,surprise,0.9
69528.png,surprise,0.96
53172.png,fear,0.78
53172.png,fear,0.73
76138.png,surprise,0.93
18654.png,surprise,0.97
26084.png,surprise,0.81
51647.png,happy,0.8
40529.png,surprise,0.86
31426.png,surprise,0.93
31426.png,surprise,0.83
15743.png,surprise,0.91
04126.png,surprise,0.97
31527.png,surprise,0.92
57086.png,fear,0.82
09723.png,happy,0.78
34018.png,surprise,0.96
91704.png,sad,0.79
08941.png,surprise,0.91
08941.png,surprise,0.89
72096.png,surprise,0.79
80631.png,surprise,0.97
40127.png,surprise,0.95
01468.png,surprise,0.93
41379.png,surprise,0.97
91730.png,surprise,0.91
20174.png,surprise,0.82
61385.png,fear,0.75
23849.png,sad,0.76
41983.png,surprise,0.98
41983.png,surprise,0.87
21468.png,surprise,0.85
51783.png,fear,0.94
72406.png,surprise,0.98
93082.png,happy,0.81
23056.png,surprise,0.85
01295.png,surprise,0.89
56873.png,surprise,0.94
17832.png,fear,0.85
41769.png,surprise,0.89
54691.png,surprise,0.87
10689.png,surprise,0.72
23706.png,surprise,0.94
98310.png,surprise,0.75
70162.png,fear,0.74
53082.png,sad,0.8
69027.png,surprise,0.75
71389.png,surprise,0.78
07851.png,surprise,0.99
26891.png,surprise,0.95
02385.png,surprise,0.94
56974.png,surprise,0.89
76483.png,surprise,0.96
13602.png,surprise,0.95
04579.png,surprise,0.98
09715.png,surprise,0.96
72598.png,surprise,0.89
72598.png,anger,0.75
04763.png,sad,0.9
58726.png,sad,0.9
59317.png,surprise,0.81
70285.png,surprise,0.97
81964.png,happy,0.77
72956.png,sad,0.87
54816.png,happy,0.76
04386.png,surprise,0.82
41305.png,surprise,0.9
13568.png,happy,0.75
67481.png,surprise,0.94
70213.png,surprise,0.77
21659.png,anger,0.94
61495.png,surprise,0.97
03479.png,surprise,0.94
68921.png,surprise,0.98
75092.png,surprise,0.98
73926.png,happy,0.77
38150.png,surprise,0.91
03985.png,fear,0.86
50193.png,surprise,0.82
79624.png,surprise,0.98
67504.png,fear,0.75
67504.png,fear,0.75
42538.png,surprise,0.82
42538.png,fear,0.71
74261.png,happy,0.77
74261.png,happy,0.71
97423.png,anger,0.85
18462.png,surprise,0.96
18462.png,surprise,0.86
97463.png,surprise,0.93
72035.png,happy,0.78
40182.png,happy,0.84
97180.png,fear,0.71
92407.png,surprise,0.94
06824.png,surprise,0.82
80397.png,surprise,0.98
94815.png,surprise,0.98
41903.png,surprise,0.92
74521.png,fear,0.74
74608.png,fear,0.82
17932.png,surprise,0.94
95814.png,fear,0.73
95814.png,happy,0.72
63192.png,surprise,0.97
92308.png,surprise,0.72
15490.png,surprise,0.95
42705.png,surprise,0.95
74580.png,sad,0.93
64891.png,anger,0.87
80156.png,disgust,0.94
80156.png,happy,0.71
39408.png,happy,0.76
75098.png,surprise,0.82
95387.png,surprise,0.93
20684.png,surprise,0.94
19230.png,surprise,0.96
17348.png,surprise,0.97
71826.png,happy,0.78
04325.png,surprise,0.82
15804.png,surprise,0.89
14869.png,fear,0.81
14869.png,fear,0.77
38914.png,surprise,0.84
27856.png,surprise,0.89
64705.png,fear,0.88
64705.png,fear,0.86
64705.png,fear,0.82
64705.png,fear,0.77
20918.png,fear,0.71
14657.png,fear,0.72
52678.png,surprise,0.83
26409.png,surprise,0.97
73851.png,surprise,0.87
46735.png,happy,0.79
17392.png,happy,0.79
01834.png,surprise,0.83
05239.png,fear,0.79
06295.png,surprise,0.96
06295.png,happy,0.81
06712.png,surprise,0.84
53908.png,surprise,0.93
35460.png,surprise,0.82
60143.png,surprise,0.73
42567.png,surprise,0.87
42567.png,happy,0.79
90214.png,surprise,0.97
93087.png,surprise,0.94
98034.png,surprise,0.95
98034.png,fear,0.73
92143.png,surprise,0.98
48160.png,surprise,0.91
48160.png,surprise,0.89
15489.png,disgust,0.77
51306.png,anger,0.74
51306.png,fear,0.71
27614.png,surprise,0.96
67142.png,surprise,0.97
42056.png,surprise,0.9
42056.png,happy,0.79
54168.png,fear,0.78
82674.png,fear,0.76
93147.png,surprise,0.89
78315.png,surprise,0.97
75123.png,fear,0.73
81940.png,fear,0.75
35642.png,happy,0.75
98642.png,surprise,0.79
95724.png,surprise,0.95
46182.png,surprise,0.8
04853.png,fear,0.72
04853.png,fear,0.71
85107.png,happy,0.79
75136.png,surprise,0.89
75136.png,surprise,0.89
48250.png,sad,0.79
89412.png,surprise,0.87
89412.png,surprise,0.81
75349.png,fear,0.74
50286.png,surprise,0.91
50286.png,happy,0.81
38196.png,surprise,0.96
38271.png,surprise,0.94
51032.png,surprise,0.96
49168.png,surprise,0.96
14726.png,surprise,0.97
18529.png,surprise,0.96
60182.png,surprise,0.84
53872.png,sad,0.9
76180.png,surprise,0.99
76180.png,fear,0.75
07893.png,happy,0.75
34518.png,happy,0.71
20413.png,fear,0.77
15932.png,happy,0.84
15932.png,happy,0.72
14523.png,sad,0.83
26381.png,surprise,0.85
26381.png,fear,0.79
48651.png,surprise,0.83
48651.png,fear,0.71
86917.png,surprise,0.98
78906.png,surprise,0.97
08534.png,surprise,0.92
53649.png,surprise,0.97
29750.png,sad,0.87
91675.png,surprise,0.92
91675.png,surprise,0.83
12568.png,surprise,0.76
27534.png,anger,0.93
27534.png,sad,0.89
04861.png,surprise,0.79
49603.png,surprise,0.97
56231.png,happy,0.77
16320.png,surprise,0.97
38095.png,surprise,0.96
38095.png,surprise,0.87
85764.png,fear,0.71
90753.png,sad,0.99
74310.png,surprise,0.89
09875.png,fear,0.77
96502.png,surprise,0.94
52071.png,fear,0.74
78164.png,surprise,0.94
13074.png,surprise,0.88
49081.png,surprise,0.86
23419.png,surprise,0.93
64735.png,surprise,0.78
64735.png,surprise,0.74
46538.png,surprise,0.84
32470.png,surprise,0.98
14879.png,surprise,0.94
14879.png,surprise,0.91
42867.png,fear,0.8
64391.png,surprise,0.95
48302.png,anger,0.75
47012.png,fear,0.82
85967.png,sad,0.92
14589.png,surprise,0.92
83942.png,sad,0.8
53678.png,disgust,0.72
83914.png,surprise,0.96
47605.png,disgust,0.95
79085.png,surprise,0.9
25103.png,fear,0.71
34056.png,surprise,0.97
47350.png,anger,0.82
02946.png,happy,0.75
05734.png,surprise,0.9
05734.png,happy,0.82
64198.png,surprise,0.71
70652.png,surprise,0.95
76208.png,sad,0.81
05968.png,surprise,0.97
42836.png,surprise,0.97
04621.png,surprise,0.9
57349.png,surprise,0.97
04732.png,surprise,0.98
67058.png,surprise,0.74
53821.png,anger,0.93
31569.png,surprise,0.93
31569.png,fear,0.75
84927.png,surprise,0.96
84927.png,fear,0.73
15278.png,surprise,0.95
97651.png,surprise,0.88
78520.png,surprise,0.82
01796.png,surprise,0.92
73456.png,surprise,0.97
86705.png,fear,0.76
29703.png,fear,0.78
81496.png,disgust,0.87
81496.png,surprise,0.77
02471.png,surprise,0.91
56274.png,surprise,0.97
43852.png,surprise,0.79
29465.png,surprise,0.95
86195.png,happy,0.83
86195.png,fear,0.71
94528.png,surprise,0.97
67548.png,fear,0.73
83294.png,surprise,0.78
46197.png,fear,0.74
70158.png,surprise,0.94
79485.png,surprise,0.95
79485.png,fear,0.74
23140.png,fear,0.75
09247.png,surprise,0.97
01836.png,surprise,0.71
13724.png,surprise,0.96
85741.png,surprise,0.9
91724.png,surprise,0.9
75648.png,sad,0.72
71308.png,surprise,0.8
02914.png,surprise,0.84
05649.png,fear,0.72
40329.png,surprise,0.76
26481.png,surprise,0.84
60985.png,fear,0.98
28516.png,surprise,0.96
38427.png,surprise,0.96
54018.png,happy,0.78
82316.png,surprise,0.91
82316.png,happy,0.78
83106.png,surprise,0.97
45291.png,surprise,0.98
01793.png,sad,0.88
23065.png,surprise,0.98
95380.png,fear,0.71
64071.png,sad,0.72
83059.png,happy,0.8
83059.png,surprise,0.76
67419.png,fear,0.73
05346.png,surprise,0.98
65704.png,surprise,0.75
19860.png,surprise,0.97
98457.png,happy,0.75
59021.png,surprise,0.74
54019.png,surprise,0.9
46850.png,surprise,0.73
97184.png,happy,0.74
46529.png,surprise,0.84
51293.png,surprise,0.98
93602.png,surprise,0.72
15647.png,surprise,0.85
15647.png,fear,0.8
41276.png,surprise,0.72
41270.png,surprise,0.97
07465.png,sad,0.81
25314.png,surprise,0.98
10634.png,surprise,0.87
07429.png,surprise,0.87
07429.png,surprise,0.79
01925.png,sad,0.74
06491.png,happy,0.74
96513.png,fear,0.72
31948.png,surprise,0.74
39784.png,surprise,0.93
12837.png,surprise,0.89
76843.png,surprise,0.88
40293.png,surprise,0.9
94578.png,surprise,0.94
96342.png,fear,0.75
24567.png,sad,0.83
91856.png,surprise,0.95
75026.png,fear,0.75
75026.png,surprise,0.72
41263.png,fear,0.71
86032.png,surprise,0.76
12834.png,surprise,0.73
73162.png,sad,0.97
05327.png,surprise,0.97
05327.png,happy,0.81
83140.png,fear,0.81
05249.png,surprise,0.75
50142.png,surprise,0.93
78092.png,surprise,0.86
13402.png,surprise,0.75
53184.png,surprise,0.87
21405.png,surprise,0.91
26831.png,surprise,0.94
85417.png,surprise,0.93
38147.png,surprise,0.72
27034.png,happy,0.79
54621.png,surprise,0.98
17652.png,surprise,0.71
01943.png,surprise,0.97
04782.png,surprise,0.98
04782.png,happy,0.77
78594.png,fear,0.74
92148.png,surprise,0.96
27391.png,surprise,0.94
80792.png,surprise,0.91
20381.png,surprise,0.96
20381.png,surprise,0.83
87341.png,surprise,0.85
01359.png,sad,0.85
04187.png,fear,0.75
14263.png,surprise,0.98
81759.png,surprise,0.87
61859.png,surprise,0.97
59814.png,surprise,0.97
59814.png,fear,0.73
76542.png,happy,0.74
79128.png,surprise,0.98
23164.png,surprise,0.96
05461.png,surprise,0.82
05461.png,surprise,0.8
45691.png,surprise,0.94
70532.png,surprise,0.82
83014.png,disgust,0.89
32706.png,surprise,0.9
01329.png,surprise,0.96
62573.png,surprise,0.79
62573.png,happy,0.73
79625.png,surprise,0.87
79625.png,anger,0.71
36957.png,surprise,0.93
87691.png,surprise,0.98
17642.png,surprise,0.73
91423.png,surprise,0.72
70235.png,surprise,0.97
49675.png,surprise,0.98
49675.png,happy,0.74
47528.png,surprise,0.76
47528.png,fear,0.76
91308.png,surprise,0.89
07436.png,surprise,0.94
07436.png,surprise,0.73
47982.png,surprise,0.72
86135.png,surprise,0.75
67043.png,surprise,0.98
78014.png,surprise,0.77
78014.png,surprise,0.73
43716.png,surprise,0.75
78945.png,surprise,0.74
84107.png,surprise,0.91
89067.png,sad,0.9
52473.png,surprise,0.79
52936.png,surprise,0.73
49652.png,surprise,0.83
17425.png,surprise,0.89
21804.png,surprise,0.97
90342.png,happy,0.79
96231.png,happy,0.84
03296.png,surprise,0.89
16395.png,surprise,0.98
16395.png,happy,0.78
81436.png,fear,0.71
59837.png,surprise,0.98
59837.png,surprise,0.71
63509.png,surprise,0.83
27963.png,surprise,0.97
25931.png,surprise,0.95
60721.png,surprise,0.97
56309.png,surprise,0.82
31467.png,surprise,0.74
04316.png,surprise,0.89
89275.png,surprise,0.72
43198.png,surprise,0.92
17023.png,happy,0.73
79234.png,surprise,0.91
76923.png,happy,0.81
46137.png,surprise,0.71
42690.png,sad,0.73
27946.png,fear,0.85
27946.png,fear,0.75
98203.png,surprise,0.82
86207.png,fear,0.8
86207.png,fear,0.77
08539.png,fear,0.73
34170.png,surprise,0.78
81942.png,surprise,0.95
81942.png,happy,0.71
21978.png,surprise,0.77
04758.png,surprise,0.96
16758.png,surprise,0.95
17439.png,surprise,0.97
50186.png,surprise,0.95
17630.png,surprise,0.85
68304.png,surprise,0.95
30571.png,surprise,0.84
64730.png,surprise,0.97
36201.png,surprise,0.98
34652.png,surprise,0.94
34652.png,happy,0.81
34652.png,sad,0.73
92015.png,surprise,0.83
96370.png,surprise,0.87
92718.png,anger,0.73
03924.png,surprise,0.98
03281.png,surprise,0.93
40693.png,surprise,0.94
10528.png,fear,0.73
28613.png,surprise,0.93
16420.png,surprise,0.92
10639.png,surprise,0.92
28691.png,surprise,0.95
89043.png,surprise,0.94
58607.png,surprise,0.86
76528.png,surprise,0.75
37916.png,surprise,0.83
42063.png,surprise,0.82
18679.png,surprise,0.92
19384.png,surprise,0.76
39247.png,surprise,0.97
48760.png,surprise,0.9
13695.png,fear,0.75
31896.png,surprise,0.83
40597.png,happy,0.75
42185.png,surprise,0.94
45367.png,surprise,0.75
13960.png,fear,0.73
90728.png,happy,0.82
90728.png,surprise,0.72
89102.png,surprise,0.91
56738.png,surprise,0.97
47652.png,surprise,0.93
46130.png,surprise,0.94
46130.png,surprise,0.77
53628.png,surprise,0.8
98602.png,fear,0.75
74562.png,fear,0.8
74562.png,sad,0.73
95723.png,surprise,0.92
95723.png,fear,0.77
80327.png,surprise,0.94
69327.png,surprise,0.95
06125.png,surprise,0.91
71492.png,surprise,0.98
65708.png,surprise,0.91
51934.png,sad,0.93
46783.png,surprise,0.88
85126.png,surprise,0.98
21346.png,surprise,0.94
82704.png,surprise,0.83
23476.png,surprise,0.94
46208.png,fear,0.9
95403.png,fear,0.78
75134.png,surprise,0.97
14073.png,happy,0.83
70346.png,surprise,0.95
07826.png,surprise,0.81
94158.png,surprise,0.95
03718.png,happy,0.82
73814.png,surprise,0.98
73814.png,surprise,0.77
87905.png,happy,0.77
78459.png,fear,0.79
02641.png,surprise,0.8
87364.png,surprise,0.82
87364.png,surprise,0.82
84265.png,surprise,0.73
39018.png,surprise,0.73
97132.png,surprise,0.92
45289.png,surprise,0.97
27816.png,surprise,0.87
27816.png,happy,0.85
68423.png,surprise,0.98
25397.png,surprise,0.98
01235.png,surprise,0.92
57921.png,anger,0.82
08546.png,fear,0.71
58176.png,fear,0.73
08275.png,surprise,0.94
87620.png,surprise,0.96
23597.png,surprise,0.85
23597.png,sad,0.71
97564.png,happy,0.75
97564.png,happy,0.75
10542.png,happy,0.83
10542.png,happy,0.79
81273.png,surprise,0.96
23658.png,surprise,0.94
92743.png,surprise,0.83
85362.png,surprise,0.84
73160.png,surprise,0.89
18547.png,surprise,0.96
18547.png,surprise,0.84
82760.png,fear,0.79
09618.png,surprise,0.97
58309.png,surprise,0.96
76285.png,surprise,0.97
06425.png,happy,0.78
95176.png,surprise,0.98
95176.png,surprise,0.96
50981.png,surprise,0.72
72419.png,surprise,0.98
27604.png,surprise,0.99
78450.png,surprise,0.88
78236.png,happy,0.84
40268.png,surprise,0.87
13567.png,surprise,0.97
13647.png,surprise,0.96
10946.png,anger,0.9
28067.png,surprise,0.85
65238.png,surprise,0.97
65238.png,surprise,0.96
39820.png,fear,0.78
38156.png,surprise,0.93
74126.png,surprise,0.92
81549.png,surprise,0.73
37254.png,surprise,0.86
96174.png,fear,0.74
49176.png,happy,0.83
49176.png,fear,0.81
71486.png,surprise,0.84
10287.png,surprise,0.97
93284.png,surprise,0.8
04273.png,happy,0.75
04873.png,surprise,0.96
04873.png,happy,0.76
35902.png,surprise,0.72
61349.png,surprise,0.76
75960.png,surprise,0.98
10976.png,surprise,0.96
10976.png,happy,0.8
90138.png,surprise,0.94
28964.png,fear,0.96
36954.png,happy,0.75
94372.png,fear,0.73
29708.png,fear,0.73
60798.png,surprise,0.97
02146.png,sad,0.78
85324.png,sad,0.88
04356.png,happy,0.81
29351.png,surprise,0.98
82793.png,surprise,0.97
31694.png,fear,0.74
48513.png,surprise,0.82
39672.png,surprise,0.98
92051.png,happy,0.82
10784.png,surprise,0.82
57912.png,surprise,0.96
07649.png,surprise,0.97
72469.png,anger,0.88
97068.png,fear,0.8
97068.png,surprise,0.73
97068.png,fear,0.72
34567.png,surprise,0.88
34567.png,sad,0.73
65409.png,surprise,0.96
87023.png,surprise,0.78
37504.png,surprise,0.92
30948.png,surprise,0.98
39067.png,surprise,0.84
85476.png,happy,0.73
96471.png,disgust,0.85
76498.png,surprise,0.95
97638.png,surprise,0.97
05479.png,surprise,0.97
03875.png,surprise,0.98
08517.png,surprise,0.98
92708.png,fear,0.74
47095.png,sad,0.99
24650.png,surprise,0.71
18562.png,fear,0.77
87130.png,happy,0.8
05148.png,surprise,0.96
05148.png,happy,0.78
78104.png,happy,0.77
01276.png,surprise,0.96
36812.png,surprise,0.8
37289.png,surprise,0.98
71058.png,surprise,0.82
62147.png,surprise,0.93
80253.png,fear,0.75
85413.png,surprise,0.72
61798.png,surprise,0.96
37862.png,surprise,0.94
37862.png,surprise,0.82
38576.png,surprise,0.77
02576.png,anger,0.72
01658.png,happy,0.82
50839.png,surprise,0.81
73259.png,fear,0.76
34961.png,surprise,0.97
92436.png,surprise,0.81
54692.png,surprise,0.86
82743.png,surprise,0.95
82743.png,surprise,0.91
82743.png,happy,0.77
37948.png,surprise,0.75
49716.png,surprise,0.95
78924.png,surprise,0.97
07369.png,anger,0.76
51978.png,surprise,0.84
95876.png,surprise,0.96
10723.png,surprise,0.95
62719.png,happy,0.83
62719.png,happy,0.79
34721.png,surprise,0.8
34721.png,surprise,0.79
34721.png,surprise,0.78
25013.png,happy,0.8
49750.png,sad,0.97
76032.png,surprise,0.93
67129.png,happy,0.83
15432.png,anger,0.74
94651.png,fear,0.98
25610.png,surprise,0.88
61497.png,sad,0.85
24309.png,happy,0.77
62408.png,surprise,0.79
05869.png,surprise,0.88
38952.png,surprise,0.81
38952.png,happy,0.76
97512.png,surprise,0.88
45180.png,surprise,0.73
72461.png,fear,0.79
30492.png,surprise,0.82
37021.png,fear,0.71
34502.png,fear,0.71
14327.png,surprise,0.85
47056.png,surprise,0.78
19763.png,surprise,0.98
21904.png,fear,0.79
42083.png,surprise,0.98
91683.png,fear,0.8
86750.png,fear,0.75
02149.png,happy,0.76
02164.png,happy,0.74
61873.png,fear,0.71
61873.png,happy,0.71
37628.png,happy,0.8
37628.png,surprise,0.74
59401.png,disgust,0.91
53420.png,surprise,0.96
81705.png,surprise,0.87
14823.png,surprise,0.8
89263.png,disgust,0.81
02789.png,surprise,0.82
17340.png,happy,0.78
59028.png,happy,0.74
98537.png,surprise,0.92
85317.png,happy,0.79
85317.png,surprise,0.71
86952.png,surprise,0.96
87621.png,fear,0.89
87621.png,fear,0.82
87621.png,fear,0.81
87621.png,fear,0.79
07694.png,surprise,0.91
07694.png,happy,0.76
58679.png,sad,0.71
14679.png,surprise,0.96
82436.png,fear,0.72
18945.png,surprise,0.88
81263.png,fear,0.77
81263.png,fear,0.77
81263.png,fear,0.71
67831.png,surprise,0.9
82539.png,surprise,0.81
76942.png,surprise,0.89
46907.png,surprise,0.94
46907.png,surprise,0.93
18204.png,happy,0.71
05296.png,fear,0.75
80347.png,surprise,0.95
80347.png,happy,0.76
43702.png,surprise,0.98
10983.png,fear,0.97
03847.png,happy,0.73
59346.png,fear,0.77
59731.png,surprise,0.76
46823.png,surprise,0.94
13470.png,surprise,0.94
24653.png,surprise,0.85
02168.png,surprise,0.98
59482.png,fear,0.75
65430.png,surprise,0.96
65430.png,fear,0.76
31509.png,surprise,0.81
36821.png,surprise,0.88
36821.png,fear,0.77
89461.png,surprise,0.97
45189.png,happy,0.79
47210.png,fear,0.78
10458.png,happy,0.75
65108.png,fear,0.75
84059.png,sad,0.78
84059.png,fear,0.72
13849.png,surprise,0.79
17860.png,surprise,0.81
43612.png,sad,0.71
43691.png,surprise,0.95
35907.png,surprise,0.81
78064.png,fear,0.76
78064.png,fear,0.75
16480.png,happy,0.74
52738.png,surprise,0.92
52738.png,surprise,0.88
27156.png,happy,0.71
03279.png,surprise,0.86
96421.png,sad,0.91
64593.png,surprise,0.72
69013.png,surprise,0.96
65240.png,fear,0.73
01256.png,surprise,0.96
08295.png,surprise,0.83
97531.png,surprise,0.99
04819.png,surprise,0.97
31082.png,surprise,0.78
39170.png,surprise,0.91
74058.png,fear,0.94
07651.png,fear,0.8
43506.png,happy,0.76
43506.png,surprise,0.74
36401.png,surprise,0.98
92613.png,disgust,0.8
92613.png,happy,0.71
27864.png,sad,0.76
76549.png,surprise,0.96
90564.png,surprise,0.91
69428.png,surprise,0.95
46831.png,surprise,0.93
46831.png,surprise,0.88
72396.png,surprise,0.94
39206.png,surprise,0.74
05329.png,anger,0.89
