image_id,gender,prob
63952.png,Male,0.98
07934.png,Male,0.97
38652.png,Male,0.86
78429.png,Female,0.78
34506.png,Male,0.93
70842.png,Male,0.87
27450.png,Male,0.71
31892.png,Male,0.94
52971.png,Male,0.93
12468.png,Male,0.97
92014.png,Male,0.89
47386.png,Male,0.99
02169.png,Male,0.84
36508.png,Male,0.94
98721.png,Female,0.81
94721.png,Male,0.97
69307.png,Male,0.89
23401.png,Female,0.82
85916.png,Male,0.84
08469.png,Male,0.92
70614.png,Male,0.99
28437.png,Female,0.94
65127.png,Male,0.87
47628.png,Male,0.89
17062.png,Male,0.95
76459.png,Male,0.86
18236.png,Male,0.93
94762.png,Female,0.87
71920.png,Male,0.81
70329.png,Male,0.97
34609.png,Male,0.75
65301.png,Male,0.93
80653.png,Female,0.89
69250.png,Male,0.86
90847.png,Male,0.95
26397.png,Male,0.96
97361.png,Male,0.93
91803.png,Female,0.72
19502.png,Male,0.82
18942.png,Male,0.88
97015.png,Male,0.8
85976.png,Male,0.91
20857.png,Male,0.98
81792.png,Male,0.96
78243.png,Male,0.72
04765.png,Male,0.99
36875.png,Male,0.98
21853.png,Female,0.86
57284.png,Male,0.99
65203.png,Male,0.75
54276.png,Male,0.98
17390.png,Male,0.76
94870.png,Male,0.98
14870.png,Male,0.96
93142.png,Male,0.91
26417.png,Male,0.91
18509.png,Male,0.85
29056.png,Male,0.96
37548.png,Male,0.83
81930.png,Male,0.93
04317.png,Female,0.72
59140.png,Male,0.96
06154.png,Male,0.96
94675.png,Male,0.88
05784.png,Male,0.97
62931.png,Male,0.77
15083.png,Male,0.87
17834.png,Male,0.83
32849.png,Male,0.94
73516.png,Male,0.96
93024.png,Male,0.98
17843.png,Male,0.92
03685.png,Male,0.99
30241.png,Male,0.99
06147.png,Female,0.75
52489.png,Female,0.84
18759.png,Male,0.92
65094.png,Male,0.94
16873.png,Male,0.97
69732.png,Male,0.8
98513.png,Male,0.98
58621.png,Male,0.77
63985.png,Male,0.93
73286.png,Male,0.93
61893.png,Male,0.91
72610.png,Female,0.73
98720.png,Male,0.81
40198.png,Male,0.98
71249.png,Male,0.96
38097.png,Male,0.94
67194.png,Male,0.98
64310.png,Male,0.98
54263.png,Female,0.94
62739.png,Male,0.92
17306.png,Male,0.9
86217.png,Male,0.79
63589.png,Male,0.92
68527.png,Male,0.96
42169.png,Male,0.76
57643.png,Male,0.81
07618.png,Male,0.89
50619.png,Male,0.88
12638.png,Male,0.94
28970.png,Male,0.85
69014.png,Male,0.96
78563.png,Male,0.98
80196.png,Female,0.8
83259.png,Female,0.97
27943.png,Male,0.99
25971.png,Male,0.71
48573.png,Male,0.75
69720.png,Male,0.97
59410.png,Male,0.97
59410.png,Male,0.95
90856.png,Male,0.98
65809.png,Male,0.91
25749.png,Male,0.99
94560.png,Male,0.97
43519.png,Male,0.92
75928.png,Male,0.82
05712.png,Male,0.98
14837.png,Male,0.93
08523.png,Male,0.85
71046.png,Male,0.89
84172.png,Male,0.96
76254.png,Male,0.99
15938.png,Male,0.77
69713.png,Male,0.81
69512.png,Male,0.95
26437.png,Male,0.76
05183.png,Male,0.97
30764.png,Male,0.97
27489.png,Male,0.97
70893.png,Male,0.93
41972.png,Male,0.96
14068.png,Male,0.95
30261.png,Male,0.98
32965.png,Male,0.92
34715.png,Male,0.94
19470.png,Female,0.84
32516.png,Male,0.76
83591.png,Male,0.99
01956.png,Female,0.94
82946.png,Male,0.99
01893.png,Male,0.91
59380.png,Male,0.89
42897.png,Male,0.97
91345.png,Male,0.95
32451.png,Male,0.97
42801.png,Male,0.75
47015.png,Male,0.77
32971.png,Male,0.99
64291.png,Male,0.99
54683.png,Male,0.91
91236.png,Female,0.75
86701.png,Male,0.99
75360.png,Male,0.88
17852.png,Female,0.77
59601.png,Male,0.96
06328.png,Male,0.92
42986.png,Male,0.91
60487.png,Female,0.86
81457.png,Male,0.96
76431.png,Male,0.97
65140.png,Male,0.89
27613.png,Male,0.88
21698.png,Male,0.98
70435.png,Female,0.76
51076.png,Female,0.73
23197.png,Female,0.82
19537.png,Male,0.86
10589.png,Male,0.71
63104.png,Female,0.91
94610.png,Female,0.93
54682.png,Male,0.9
79386.png,Male,0.75
96078.png,Male,0.81
52746.png,Male,0.84
42391.png,Male,0.96
65213.png,Male,0.97
02768.png,Male,0.91
25401.png,Male,0.98
17430.png,Male,0.74
60732.png,Male,0.95
51862.png,Female,0.74
54689.png,Male,0.91
40327.png,Male,0.9
15392.png,Male,0.97
26394.png,Male,0.74
29760.png,Male,0.93
65341.png,Male,0.9
53068.png,Male,0.9
04759.png,Female,0.77
82165.png,Male,0.97
16053.png,Male,0.99
12067.png,Male,0.98
04538.png,Male,0.82
84327.png,Female,0.81
76038.png,Male,0.87
76139.png,Male,0.76
19780.png,Male,0.93
71253.png,Female,0.78
05789.png,Male,0.95
81365.png,Male,0.94
80153.png,Male,0.88
01829.png,Male,0.91
38170.png,Male,0.95
29174.png,Male,0.92
98463.png,Male,0.83
13908.png,Male,0.95
57431.png,Male,0.94
87120.png,Male,0.92
78321.png,Male,0.85
43529.png,Male,0.88
06315.png,Male,0.8
12093.png,Male,0.9
79428.png,Male,0.96
06415.png,Male,0.98
12460.png,Male,0.9
83946.png,Male,0.85
75841.png,Male,0.99
17208.png,Male,0.92
45286.png,Female,0.84
89216.png,Male,0.9
49153.png,Male,0.92
87065.png,Male,0.79
21957.png,Male,0.91
52490.png,Male,0.92
50372.png,Male,0.76
13972.png,Female,0.79
37580.png,Female,0.74
58239.png,Male,0.98
93215.png,Female,0.77
78015.png,Female,0.92
34975.png,Male,0.95
52681.png,Male,0.75
28439.png,Male,0.96
52068.png,Male,0.92
30476.png,Male,0.72
21348.png,Male,0.97
67103.png,Male,0.87
70658.png,Male,0.78
28397.png,Male,0.92
96240.png,Male,0.98
58213.png,Male,0.85
30675.png,Male,0.86
49713.png,Male,0.98
92653.png,Female,0.82
94180.png,Male,0.95
13907.png,Male,0.87
05947.png,Male,0.97
07924.png,Male,0.82
67054.png,Male,0.77
40125.png,Male,0.76
40917.png,Male,0.95
36927.png,Male,0.92
96083.png,Male,0.85
73956.png,Male,0.98
92607.png,Male,0.96
87594.png,Female,0.91
45912.png,Male,0.97
35401.png,Male,0.95
46527.png,Male,0.97
46890.png,Male,0.98
39172.png,Male,0.85
37284.png,Male,0.99
13874.png,Male,0.97
18650.png,Female,0.77
04185.png,Male,0.92
75036.png,Female,0.87
96753.png,Male,0.92
03218.png,Male,0.82
73984.png,Male,0.82
54710.png,Male,0.91
38714.png,Male,0.88
08147.png,Male,0.78
10278.png,Male,0.88
59762.png,Male,0.98
62057.png,Male,0.97
04267.png,Male,0.89
83765.png,Female,0.97
90345.png,Male,0.98
93162.png,Male,0.95
85461.png,Male,0.95
19034.png,Male,0.94
76259.png,Male,0.93
81359.png,Male,0.79
60927.png,Male,0.97
92358.png,Male,0.99
63289.png,Male,0.88
82794.png,Male,0.92
45608.png,Male,0.81
95830.png,Female,0.87
56972.png,Male,0.98
36970.png,Male,0.99
90756.png,Male,0.82
47239.png,Male,0.97
17904.png,Male,0.95
39241.png,Male,0.97
38790.png,Male,0.92
59230.png,Female,0.72
24356.png,Male,0.95
53976.png,Male,0.8
34920.png,Male,0.96
43658.png,Male,0.97
10829.png,Male,0.94
67041.png,Male,0.79
49038.png,Male,0.82
52106.png,Male,0.96
36058.png,Male,0.79
91647.png,Male,0.99
30462.png,Male,0.97
54781.png,Male,0.82
96452.png,Male,0.93
15340.png,Male,0.95
57608.png,Male,0.97
53176.png,Male,0.98
63207.png,Male,0.95
78652.png,Male,0.72
31450.png,Male,0.95
54782.png,Male,0.98
17962.png,Male,0.98
10483.png,Female,0.83
93401.png,Male,0.82
26410.png,Male,0.99
25914.png,Male,0.91
71843.png,Female,0.75
98706.png,Male,0.81
29851.png,Male,0.84
52710.png,Male,0.94
38245.png,Male,0.89
41032.png,Male,0.85
31485.png,Male,0.95
56812.png,Male,0.88
59031.png,Male,0.89
93041.png,Male,0.75
74016.png,Male,0.89
08415.png,Male,1.0
12453.png,Male,0.96
46201.png,Male,0.75
70534.png,Male,0.84
63749.png,Male,0.79
21647.png,Male,0.99
29308.png,Male,0.9
19507.png,Male,0.9
51948.png,Male,0.76
16348.png,Male,0.88
91340.png,Male,0.98
70169.png,Male,0.84
24160.png,Male,0.85
58609.png,Male,0.98
54978.png,Male,0.96
68201.png,Male,0.99
90541.png,Male,0.98
57169.png,Male,0.96
98124.png,Male,0.96
06847.png,Male,0.94
14769.png,Male,0.92
92013.png,Male,0.88
92601.png,Female,0.95
34208.png,Male,0.75
08962.png,Male,0.96
68720.png,Male,0.95
59048.png,Female,0.86
82360.png,Male,0.92
71635.png,Male,0.97
75941.png,Male,0.99
79368.png,Male,0.84
48376.png,Male,0.97
13657.png,Male,0.97
79830.png,Male,0.9
74356.png,Male,0.97
71095.png,Male,0.9
61732.png,Male,0.84
32856.png,Male,0.98
61748.png,Male,0.99
49237.png,Female,0.96
28605.png,Male,0.93
78650.png,Male,0.83
65387.png,Male,0.94
98427.png,Female,0.82
02918.png,Male,0.98
34016.png,Male,0.98
31472.png,Male,0.93
28590.png,Male,0.98
78936.png,Male,0.9
40269.png,Male,0.99
89107.png,Male,0.87
01649.png,Male,0.77
78921.png,Male,0.92
32791.png,Male,0.96
49801.png,Male,0.92
29364.png,Male,0.96
08742.png,Male,0.92
90326.png,Male,0.86
61297.png,Male,0.73
42398.png,Male,0.98
34178.png,Male,0.96
73205.png,Male,0.97
83692.png,Female,0.73
92457.png,Male,0.79
51789.png,Male,0.98
30124.png,Male,0.98
32546.png,Female,0.87
32546.png,Male,0.85
27914.png,Male,0.78
08146.png,Male,0.72
26530.png,Male,0.99
37129.png,Male,0.95
09273.png,Male,0.85
32478.png,Male,0.94
36718.png,Male,0.87
13476.png,Male,0.74
79104.png,Male,0.98
41035.png,Male,0.81
50784.png,Male,0.94
58194.png,Male,0.93
36780.png,Female,0.82
52798.png,Female,0.88
71840.png,Male,0.99
85614.png,Female,0.88
72915.png,Male,0.88
35912.png,Male,0.98
45206.png,Male,0.94
87165.png,Male,0.97
16925.png,Male,0.97
15820.png,Male,0.89
73945.png,Male,0.75
17386.png,Male,0.72
23876.png,Male,0.75
31470.png,Male,0.96
85379.png,Female,0.97
51037.png,Male,0.84
14037.png,Male,0.97
40982.png,Male,0.97
72509.png,Male,0.96
26750.png,Male,0.98
86041.png,Male,0.95
41795.png,Male,0.75
60812.png,Female,0.73
01634.png,Male,0.96
87914.png,Male,0.98
60758.png,Male,0.78
18640.png,Male,0.8
63052.png,Male,0.96
43857.png,Male,0.89
01823.png,Male,0.99
28165.png,Male,0.99
47123.png,Male,0.95
12709.png,Male,0.97
28134.png,Male,0.89
38752.png,Male,0.96
94861.png,Male,0.97
84392.png,Male,0.93
86351.png,Male,0.93
73082.png,Male,0.97
46205.png,Male,0.89
51269.png,Male,0.97
27496.png,Male,0.96
94731.png,Male,0.9
73406.png,Male,0.88
89170.png,Female,0.72
07836.png,Male,0.94
09648.png,Male,0.87
91486.png,Male,0.89
12086.png,Male,0.97
79405.png,Male,0.97
30896.png,Male,0.98
50984.png,Male,0.97
08537.png,Male,0.95
78294.png,Male,0.97
24971.png,Male,0.97
94172.png,Male,0.86
31705.png,Male,0.86
02451.png,Male,0.98
13276.png,Male,0.96
47259.png,Female,0.88
73568.png,Male,0.98
90126.png,Male,0.93
71365.png,Female,0.83
36792.png,Female,0.91
82156.png,Male,0.97
16870.png,Male,0.96
16704.png,Male,0.85
34659.png,Male,0.99
84150.png,Male,0.93
02947.png,Male,0.74
38602.png,Male,0.78
84236.png,Male,0.73
32691.png,Male,0.87
80157.png,Male,0.81
36910.png,Male,0.77
38927.png,Male,0.97
84203.png,Male,0.95
58329.png,Male,0.99
27843.png,Male,0.93
75481.png,Male,0.84
80134.png,Male,0.82
72893.png,Male,0.99
56807.png,Female,0.75
18960.png,Male,0.92
94210.png,Male,0.86
05238.png,Male,0.98
86450.png,Male,0.94
80521.png,Male,0.94
53720.png,Male,0.99
40862.png,Male,0.9
21867.png,Male,0.94
17603.png,Male,0.97
02716.png,Male,0.78
08924.png,Male,0.99
85173.png,Male,0.79
13978.png,Male,0.97
32409.png,Male,0.9
01674.png,Male,0.71
97103.png,Male,0.89
34675.png,Male,0.92
49120.png,Male,0.99
04217.png,Male,0.79
98365.png,Male,0.98
89072.png,Male,0.87
93578.png,Female,0.97
89162.png,Female,0.81
01627.png,Female,0.73
06482.png,Male,0.93
36985.png,Male,0.99
85761.png,Male,0.98
53021.png,Male,0.72
93072.png,Male,0.9
13765.png,Male,0.75
80395.png,Female,0.77
47862.png,Male,0.73
47601.png,Male,0.99
60532.png,Male,0.99
81934.png,Male,0.83
90534.png,Male,0.98
37806.png,Male,0.98
12806.png,Male,0.89
61754.png,Female,0.91
78915.png,Male,0.74
68901.png,Male,0.95
93521.png,Male,0.97
54728.png,Male,0.96
76821.png,Female,0.98
56307.png,Male,0.84
96023.png,Male,0.98
28495.png,Male,0.71
92086.png,Female,0.86
05819.png,Male,0.88
82459.png,Female,0.85
20671.png,Male,0.77
20568.png,Male,0.8
61753.png,Male,0.98
15097.png,Male,0.98
32481.png,Male,0.86
69025.png,Male,0.91
97204.png,Male,0.88
16520.png,Male,0.8
56183.png,Male,0.94
49318.png,Male,0.76
25684.png,Male,0.98
75923.png,Male,0.92
15064.png,Male,0.97
75362.png,Female,0.8
47618.png,Female,0.96
54917.png,Male,0.73
95718.png,Female,0.76
85261.png,Male,0.74
08613.png,Male,0.9
75290.png,Male,0.94
15078.png,Male,0.76
85293.png,Male,0.96
50674.png,Male,0.77
29417.png,Male,0.9
02764.png,Male,0.89
89142.png,Male,0.79
07258.png,Male,0.98
76321.png,Male,0.97
59130.png,Male,0.75
92867.png,Male,0.84
23564.png,Male,0.78
84329.png,Male,0.82
57109.png,Male,0.93
27380.png,Male,0.97
80736.png,Male,0.95
04783.png,Male,1.0
29041.png,Male,0.83
85947.png,Female,0.79
95237.png,Male,0.9
43069.png,Male,0.93
26531.png,Male,0.97
08914.png,Male,0.96
59316.png,Male,0.8
63270.png,Male,0.82
94813.png,Male,0.89
29506.png,Male,0.96
95801.png,Male,0.96
23807.png,Male,0.94
60578.png,Male,0.99
24067.png,Male,0.91
93820.png,Male,0.9
63758.png,Male,0.77
63295.png,Male,0.81
46507.png,Male,0.94
80193.png,Male,0.93
25067.png,Male,0.95
92315.png,Male,0.85
59163.png,Male,0.96
70849.png,Male,0.9
50823.png,Male,0.83
49805.png,Male,0.94
26890.png,Male,0.96
04958.png,Male,0.96
14675.png,Male,0.96
89160.png,Male,0.92
90673.png,Male,0.94
67243.png,Male,0.96
54891.png,Male,0.77
87645.png,Male,0.87
53764.png,Male,0.78
97826.png,Male,0.99
45603.png,Female,0.72
87390.png,Male,0.99
09814.png,Female,0.81
89324.png,Male,0.76
29075.png,Male,0.9
97805.png,Male,0.95
53046.png,Male,0.79
68019.png,Male,0.98
87013.png,Male,0.83
95203.png,Male,0.95
13764.png,Male,0.78
71942.png,Male,0.83
51687.png,Female,0.81
62305.png,Male,0.78
04397.png,Male,0.99
97521.png,Male,0.97
10438.png,Male,0.94
01364.png,Male,0.94
92864.png,Male,0.9
60714.png,Male,0.76
14598.png,Male,0.96
07385.png,Male,0.71
85621.png,Male,0.96
64370.png,Male,0.86
49536.png,Male,0.97
20956.png,Male,0.89
72486.png,Male,0.94
79803.png,Male,0.92
26493.png,Male,0.88
25061.png,Male,0.93
34057.png,Male,0.99
38410.png,Male,0.96
18593.png,Male,0.86
52369.png,Male,0.89
67983.png,Male,0.99
24389.png,Male,0.96
54679.png,Female,0.92
54287.png,Male,0.79
69348.png,Male,0.95
93547.png,Male,0.96
82457.png,Male,0.93
67491.png,Male,0.95
71250.png,Male,0.98
95371.png,Female,0.98
93405.png,Male,0.74
46520.png,Male,0.9
03759.png,Male,0.82
84305.png,Male,0.94
59408.png,Male,0.84
42389.png,Female,0.97
13890.png,Female,0.74
20749.png,Female,0.72
89701.png,Male,0.92
40216.png,Male,0.92
76924.png,Male,0.83
29463.png,Male,0.99
96354.png,Male,0.9
68259.png,Male,0.86
46721.png,Female,0.91
46138.png,Male,0.96
81602.png,Male,0.98
62859.png,Male,0.96
20148.png,Male,0.95
47901.png,Male,0.95
46938.png,Male,0.86
01962.png,Male,0.89
04152.png,Male,0.98
39058.png,Male,0.88
09312.png,Male,0.95
39465.png,Male,0.86
67385.png,Male,0.86
74209.png,Male,0.8
97108.png,Male,0.9
79182.png,Male,0.83
91754.png,Male,0.93
56709.png,Male,0.93
04265.png,Male,0.99
97162.png,Male,0.81
47859.png,Male,0.98
32695.png,Male,0.86
52103.png,Male,0.98
23745.png,Male,0.74
29468.png,Female,0.83
10236.png,Male,0.92
74152.png,Male,0.98
19567.png,Male,0.98
03794.png,Male,0.72
49165.png,Female,0.97
40913.png,Male,0.86
20685.png,Male,0.86
16398.png,Male,0.89
40153.png,Female,0.82
42019.png,Male,0.82
04287.png,Female,0.83
90625.png,Male,0.96
73248.png,Male,0.88
07193.png,Male,0.93
20943.png,Male,0.95
28436.png,Female,0.8
87196.png,Male,0.96
14276.png,Female,0.74
63578.png,Female,0.87
84169.png,Male,0.93
79845.png,Male,0.86
73198.png,Male,0.97
01392.png,Male,0.89
01749.png,Male,0.95
03798.png,Female,0.81
30412.png,Male,0.87
15029.png,Female,0.75
58370.png,Male,0.84
51308.png,Male,0.99
47265.png,Male,0.81
48639.png,Male,0.94
38069.png,Male,0.71
85209.png,Male,0.95
01937.png,Male,0.73
28610.png,Male,0.91
72698.png,Male,0.9
70164.png,Female,0.73
40286.png,Female,0.97
02476.png,Male,0.98
04597.png,Male,0.97
70829.png,Male,0.88
39078.png,Male,0.81
94305.png,Male,0.92
51624.png,Female,0.79
75130.png,Male,0.96
15478.png,Female,0.73
21596.png,Male,0.96
82159.png,Male,0.89
52719.png,Male,0.93
46218.png,Male,0.98
87924.png,Male,0.74
61048.png,Male,0.86
03594.png,Male,0.94
37829.png,Male,0.82
63581.png,Male,0.97
82673.png,Male,0.94
35764.png,Male,0.98
35497.png,Male,0.98
25837.png,Male,0.98
72948.png,Female,0.92
74236.png,Male,0.97
91738.png,Male,0.88
78304.png,Female,0.78
79351.png,Male,0.99
30586.png,Male,0.92
60183.png,Male,0.93
64273.png,Male,0.85
51849.png,Male,0.97
65712.png,Male,0.99
62307.png,Male,0.99
36872.png,Male,0.94
36804.png,Male,0.81
35780.png,Male,0.74
81394.png,Male,0.97
32586.png,Male,0.97
52896.png,Male,0.96
89306.png,Male,0.91
98321.png,Male,0.99
28576.png,Male,0.98
26315.png,Male,0.84
83461.png,Female,0.79
83456.png,Male,0.99
57821.png,Male,0.98
39470.png,Male,0.95
32985.png,Female,0.83
70143.png,Female,0.81
42068.png,Female,0.81
38742.png,Male,0.93
87521.png,Male,0.88
59062.png,Male,0.95
82940.png,Male,0.97
83256.png,Male,0.84
05749.png,Male,0.97
47836.png,Male,0.9
18524.png,Male,0.99
51086.png,Male,0.74
81245.png,Male,0.84
51092.png,Male,0.83
90461.png,Male,0.94
16354.png,Male,0.85
35671.png,Male,0.91
10836.png,Male,0.82
65843.png,Male,0.94
69518.png,Male,0.99
74615.png,Male,0.93
13986.png,Male,0.83
93416.png,Male,0.87
19602.png,Male,0.84
71869.png,Male,0.98
06387.png,Female,0.71
35768.png,Male,0.98
36185.png,Male,0.99
59672.png,Male,0.97
98362.png,Female,0.92
48315.png,Male,0.73
70182.png,Male,0.91
19352.png,Male,0.99
65940.png,Male,0.91
46123.png,Male,0.96
78452.png,Male,0.84
79850.png,Male,0.81
78539.png,Female,0.95
05926.png,Male,0.85
93410.png,Male,0.98
64128.png,Female,0.79
83497.png,Male,0.89
21403.png,Male,0.83
92180.png,Male,0.87
56430.png,Male,0.86
62150.png,Male,0.97
96485.png,Male,0.74
38290.png,Male,0.96
14862.png,Female,0.8
71845.png,Male,0.99
89156.png,Male,0.9
34092.png,Male,0.92
27514.png,Male,0.96
34591.png,Female,0.93
31729.png,Male,0.87
59231.png,Male,0.91
20859.png,Male,0.97
35017.png,Male,0.89
36540.png,Male,0.97
10465.png,Male,0.98
76532.png,Male,0.98
93548.png,Male,0.84
16072.png,Male,0.9
94580.png,Male,0.88
04735.png,Male,0.91
75216.png,Male,0.98
21345.png,Male,0.73
39871.png,Male,0.99
70592.png,Male,0.87
04153.png,Male,0.95
42638.png,Male,0.86
54831.png,Male,0.94
79084.png,Male,0.86
40159.png,Male,0.88
85429.png,Male,0.92
53260.png,Male,0.9
04827.png,Male,0.87
21065.png,Female,0.73
59107.png,Male,0.95
92081.png,Male,0.85
25489.png,Male,0.9
36175.png,Male,0.83
78962.png,Male,0.72
03678.png,Male,0.99
62158.png,Male,0.94
76938.png,Male,0.98
45836.png,Male,0.84
40397.png,Male,0.98
72310.png,Male,0.74
03148.png,Female,0.81
72195.png,Male,0.94
54713.png,Male,0.92
48731.png,Male,0.96
36924.png,Male,0.99
57348.png,Male,0.97
81497.png,Male,0.91
14750.png,Female,0.93
06852.png,Male,0.91
47826.png,Male,0.72
32857.png,Male,0.96
82045.png,Male,0.93
34207.png,Male,0.99
85192.png,Female,0.73
25170.png,Male,0.95
46231.png,Male,0.98
63182.png,Male,0.87
69812.png,Female,0.89
49156.png,Male,0.79
15439.png,Male,0.73
26419.png,Male,0.99
08426.png,Female,0.75
75832.png,Female,0.73
43695.png,Male,0.94
75806.png,Male,0.98
58764.png,Female,0.93
75439.png,Male,0.9
03681.png,Male,0.97
02934.png,Male,0.96
43610.png,Male,0.98
31284.png,Male,0.76
67241.png,Male,0.73
98573.png,Male,0.81
87365.png,Male,0.72
86714.png,Male,0.8
62531.png,Male,0.84
50624.png,Male,0.84
21380.png,Male,0.76
58317.png,Male,0.73
16298.png,Male,0.95
31482.png,Male,0.83
72850.png,Male,0.84
35074.png,Male,0.8
64918.png,Male,0.88
29608.png,Female,0.81
27519.png,Male,0.97
38046.png,Male,0.95
19408.png,Male,0.97
71069.png,Male,0.98
43651.png,Male,0.89
60427.png,Male,0.99
62514.png,Male,0.9
25130.png,Male,0.97
24538.png,Male,0.94
02315.png,Male,0.79
21075.png,Male,0.94
48329.png,Male,0.97
20578.png,Female,0.73
91756.png,Male,0.96
26739.png,Male,0.88
10274.png,Male,0.97
72649.png,Male,0.96
69520.png,Male,0.88
87304.png,Male,0.98
51670.png,Male,0.95
96250.png,Male,0.99
76524.png,Female,0.85
06714.png,Male,0.88
07219.png,Male,0.87
10682.png,Male,0.92
49810.png,Male,0.88
61927.png,Male,0.92
69584.png,Male,0.98
53102.png,Male,0.98
58063.png,Female,0.76
30157.png,Female,0.71
32617.png,Male,0.85
87649.png,Male,0.87
28936.png,Male,0.76
71023.png,Female,0.88
94152.png,Male,0.89
62315.png,Male,0.72
48059.png,Male,0.98
42078.png,Male,0.85
52910.png,Male,0.71
60345.png,Male,0.97
38051.png,Female,0.94
23908.png,Female,0.73
78953.png,Male,0.92
89476.png,Male,0.8
79218.png,Male,0.87
31294.png,Male,0.99
23068.png,Male,0.92
59863.png,Male,0.81
42967.png,Male,0.99
59436.png,Male,0.98
02594.png,Male,0.93
69528.png,Female,0.83
30971.png,Male,0.88
13407.png,Male,0.97
81043.png,Male,0.98
43517.png,Male,0.88
53172.png,Male,0.92
58260.png,Male,0.96
47831.png,Male,0.98
82510.png,Female,0.85
78214.png,Male,0.82
62081.png,Male,0.92
76138.png,Male,0.86
95321.png,Male,0.96
26084.png,Male,0.93
74930.png,Male,0.89
35217.png,Male,0.91
86179.png,Male,0.93
51647.png,Male,0.78
85793.png,Male,0.88
15798.png,Male,0.94
31426.png,Male,0.91
15743.png,Female,0.77
35182.png,Male,0.93
47359.png,Female,0.81
56819.png,Male,0.79
16702.png,Male,0.97
15079.png,Female,0.94
31527.png,Male,0.9
57086.png,Female,0.79
57049.png,Male,0.92
92370.png,Male,0.88
78095.png,Male,0.85
09723.png,Male,0.75
18504.png,Male,0.96
34018.png,Male,0.97
91704.png,Male,0.97
03728.png,Male,0.89
34710.png,Male,0.96
76359.png,Male,0.9
72096.png,Male,0.94
85290.png,Male,0.97
80631.png,Male,0.94
86035.png,Male,0.99
40127.png,Male,0.95
39625.png,Male,0.91
41379.png,Male,0.96
51962.png,Male,0.8
54137.png,Male,0.95
19427.png,Male,0.93
46879.png,Male,0.87
20174.png,Female,0.79
61385.png,Male,0.95
92481.png,Male,0.96
53914.png,Male,0.97
23849.png,Male,0.93
41983.png,Male,0.89
98425.png,Male,0.91
56241.png,Female,0.72
08175.png,Male,0.75
21986.png,Male,0.98
06432.png,Male,0.95
51783.png,Female,0.84
29508.png,Female,0.86
72406.png,Male,0.96
36478.png,Male,0.99
89573.png,Male,0.83
93082.png,Male,0.78
18450.png,Male,0.98
90618.png,Male,0.99
03971.png,Female,0.96
07239.png,Male,0.94
34028.png,Male,0.92
01295.png,Male,0.85
78023.png,Male,0.96
52479.png,Male,0.84
56873.png,Male,0.94
65349.png,Female,0.96
34680.png,Male,0.91
82590.png,Male,0.97
68752.png,Male,0.92
64078.png,Male,0.9
32071.png,Male,1.0
17832.png,Male,0.95
41769.png,Female,0.96
65297.png,Male,0.88
87063.png,Female,0.93
14650.png,Male,0.85
54691.png,Male,0.94
08937.png,Male,0.92
14267.png,Male,0.97
10689.png,Male,0.72
09385.png,Male,0.94
29158.png,Male,0.9
67512.png,Male,0.85
23706.png,Male,0.95
79846.png,Male,0.89
35419.png,Male,0.96
50428.png,Male,0.8
98310.png,Male,0.94
62483.png,Female,0.75
70162.png,Male,0.99
53082.png,Male,0.99
75498.png,Male,0.93
71389.png,Female,0.87
53278.png,Male,0.98
78592.png,Male,0.74
07851.png,Female,0.95
38794.png,Male,0.82
02385.png,Male,0.91
56974.png,Male,0.95
76483.png,Female,0.98
13602.png,Male,0.89
56409.png,Male,0.96
05973.png,Female,0.78
06319.png,Male,0.73
04579.png,Male,0.93
90386.png,Male,0.98
09715.png,Female,0.76
72598.png,Male,0.88
04763.png,Male,0.85
98015.png,Male,0.82
70964.png,Male,0.98
58726.png,Male,0.83
68307.png,Male,0.94
59317.png,Female,0.73
80319.png,Male,0.97
34581.png,Male,0.99
46827.png,Male,0.9
05438.png,Male,0.97
81964.png,Male,0.94
43265.png,Male,0.95
87392.png,Female,0.77
91253.png,Male,0.98
45708.png,Female,0.87
72956.png,Male,0.96
87543.png,Male,0.98
39085.png,Male,0.85
54816.png,Male,0.94
54816.png,Male,0.88
67254.png,Male,0.92
82604.png,Male,0.97
01672.png,Male,0.73
52069.png,Male,0.93
89403.png,Male,0.95
04386.png,Female,0.71
36541.png,Male,0.98
41305.png,Male,0.81
96340.png,Male,0.99
81064.png,Male,0.97
08367.png,Male,0.8
70691.png,Male,0.97
23061.png,Male,0.92
13568.png,Female,0.77
67481.png,Male,0.91
70213.png,Male,0.85
60371.png,Male,0.93
21659.png,Male,0.91
61495.png,Male,0.94
03479.png,Male,0.89
92645.png,Male,0.96
93167.png,Male,0.84
79603.png,Male,0.99
47189.png,Male,0.92
73926.png,Male,0.77
20196.png,Male,0.99
52974.png,Female,0.98
38150.png,Male,0.94
81679.png,Male,0.92
03985.png,Male,0.99
52187.png,Male,0.87
30456.png,Male,0.93
16042.png,Male,0.76
67582.png,Female,0.83
76298.png,Male,0.84
03745.png,Male,0.97
50193.png,Male,0.99
10263.png,Male,0.97
54012.png,Male,0.89
67504.png,Male,0.92
03251.png,Male,0.96
39452.png,Male,0.87
74261.png,Male,0.97
68194.png,Male,0.9
18462.png,Female,0.92
89035.png,Male,0.71
97463.png,Male,0.91
83527.png,Male,0.98
73028.png,Male,0.96
81764.png,Male,0.98
72035.png,Male,0.94
40375.png,Male,0.97
75609.png,Male,0.94
72489.png,Male,0.82
97180.png,Male,0.83
61378.png,Male,0.76
06824.png,Male,0.98
87136.png,Male,0.87
85796.png,Male,0.87
80397.png,Female,0.79
94815.png,Male,0.91
74521.png,Female,0.75
47582.png,Female,0.8
74608.png,Male,0.99
09824.png,Male,0.94
94278.png,Male,0.85
69324.png,Male,0.86
17932.png,Male,0.86
81536.png,Male,0.75
75649.png,Male,0.92
54837.png,Male,0.91
95814.png,Male,0.81
89617.png,Male,0.74
40136.png,Male,0.99
38724.png,Male,0.97
59043.png,Male,0.84
58743.png,Male,0.87
95086.png,Male,1.0
63192.png,Male,0.94
92308.png,Male,0.95
50328.png,Male,0.93
74105.png,Male,0.91
30518.png,Male,0.91
24083.png,Male,0.88
05612.png,Male,0.98
78314.png,Female,0.77
19065.png,Male,0.98
29513.png,Male,0.79
15907.png,Male,0.99
63074.png,Male,0.93
42705.png,Male,0.95
91824.png,Male,0.72
74580.png,Male,0.97
58069.png,Male,0.95
64891.png,Male,0.99
60289.png,Male,0.91
21583.png,Male,0.92
57463.png,Female,0.92
14890.png,Male,0.8
80156.png,Male,0.96
39408.png,Male,0.98
20435.png,Male,0.84
49360.png,Male,0.82
75098.png,Male,0.83
95387.png,Male,0.93
19230.png,Male,0.98
35219.png,Male,0.78
17348.png,Male,0.78
15809.png,Male,0.83
04325.png,Female,0.74
21753.png,Male,0.86
14869.png,Male,0.97
38914.png,Male,0.9
50317.png,Male,0.99
83201.png,Male,0.97
21763.png,Male,0.9
27856.png,Male,0.94
29138.png,Male,0.96
59341.png,Male,0.96
64705.png,Male,0.99
37482.png,Male,0.93
31295.png,Male,0.99
81746.png,Male,0.99
20918.png,Male,0.97
18364.png,Male,0.99
01936.png,Male,0.96
14657.png,Male,0.71
19845.png,Male,0.89
52678.png,Male,0.79
26409.png,Male,0.86
70841.png,Male,0.95
73851.png,Male,0.84
01834.png,Male,0.85
05239.png,Male,0.89
06712.png,Male,0.96
53908.png,Male,0.99
89542.png,Male,0.96
35460.png,Male,0.97
60143.png,Male,0.71
27304.png,Female,0.76
82730.png,Female,0.88
12597.png,Male,0.83
42567.png,Male,0.88
91072.png,Male,0.91
90214.png,Female,0.81
93087.png,Male,0.95
80971.png,Male,0.97
98034.png,Male,0.93
70613.png,Male,0.96
83905.png,Male,0.95
92143.png,Male,0.88
06275.png,Male,0.84
48160.png,Male,0.73
69418.png,Male,0.87
92547.png,Male,0.98
94016.png,Female,0.73
51306.png,Male,0.81
61047.png,Male,0.96
68391.png,Male,0.86
67142.png,Male,0.96
54168.png,Male,0.97
37146.png,Male,0.98
91840.png,Male,0.8
82674.png,Male,0.91
98724.png,Male,0.79
53942.png,Male,0.89
14096.png,Male,0.8
32017.png,Male,0.93
78315.png,Male,0.96
75123.png,Male,0.77
81940.png,Male,0.94
25384.png,Male,0.99
35642.png,Male,0.95
94783.png,Female,0.95
98642.png,Male,0.83
75016.png,Male,0.83
63425.png,Male,0.98
37084.png,Male,0.83
83657.png,Male,0.91
27068.png,Male,0.91
27461.png,Male,0.97
90582.png,Male,0.86
26073.png,Male,0.72
12534.png,Male,0.98
71092.png,Male,0.72
03926.png,Female,0.76
85107.png,Male,0.95
72019.png,Male,0.98
75136.png,Female,0.74
48250.png,Male,0.99
43586.png,Male,0.82
73690.png,Male,0.86
89412.png,Male,0.97
17350.png,Male,0.99
75639.png,Male,0.78
43095.png,Male,0.98
75349.png,Male,0.82
67029.png,Male,0.88
23045.png,Male,0.99
50286.png,Male,0.85
40726.png,Male,0.99
43679.png,Male,0.9
18045.png,Male,0.92
49168.png,Male,0.94
68257.png,Male,0.9
14726.png,Male,0.81
18529.png,Female,0.71
19358.png,Male,0.92
68519.png,Male,0.92
67841.png,Male,0.96
16082.png,Male,0.9
53872.png,Male,0.98
76180.png,Male,0.9
31782.png,Male,0.98
58906.png,Male,0.91
34518.png,Male,0.86
05164.png,Male,0.81
20413.png,Male,0.9
15932.png,Male,0.78
14523.png,Male,0.98
26381.png,Male,0.96
48651.png,Male,0.82
78906.png,Male,0.97
53649.png,Male,0.87
29750.png,Male,0.95
91675.png,Male,0.75
16473.png,Male,0.99
12568.png,Female,0.75
40395.png,Male,1.0
27534.png,Male,0.9
04861.png,Female,0.93
49603.png,Male,0.77
06418.png,Female,0.9
50746.png,Male,0.98
90612.png,Male,0.93
10649.png,Male,0.82
21435.png,Male,0.95
56231.png,Male,0.87
16320.png,Male,0.82
71692.png,Male,0.88
93261.png,Male,0.86
54038.png,Male,0.79
29137.png,Male,0.92
90753.png,Male,0.84
30714.png,Male,0.74
43795.png,Female,0.81
96502.png,Male,0.93
79586.png,Female,0.91
52071.png,Male,0.98
78164.png,Male,0.95
97210.png,Male,0.84
49081.png,Male,0.95
27436.png,Male,0.94
73609.png,Male,0.71
04728.png,Male,0.95
61093.png,Male,0.99
64735.png,Male,0.98
46538.png,Male,0.88
03524.png,Male,0.89
14879.png,Male,0.93
83764.png,Male,0.92
17268.png,Male,0.93
42867.png,Female,0.87
71260.png,Male,0.92
04125.png,Male,0.89
75046.png,Male,0.97
62948.png,Female,0.82
30495.png,Male,0.95
64391.png,Male,0.95
80926.png,Male,0.75
48302.png,Male,0.83
24019.png,Male,0.87
92056.png,Male,0.87
98752.png,Male,0.78
85967.png,Male,0.99
05189.png,Male,0.98
14589.png,Male,0.86
02876.png,Male,0.97
01578.png,Male,0.83
81692.png,Male,0.97
34190.png,Male,0.99
83942.png,Male,0.99
50863.png,Male,0.98
68971.png,Female,0.71
83914.png,Male,0.91
50824.png,Male,0.93
58264.png,Female,0.86
61549.png,Male,0.94
12873.png,Male,0.91
70196.png,Female,0.98
79085.png,Male,0.87
81970.png,Female,0.95
02946.png,Male,0.77
05734.png,Male,0.87
45923.png,Male,0.83
64839.png,Male,0.9
87532.png,Male,0.88
70652.png,Male,0.94
32701.png,Male,0.98
78231.png,Male,0.99
18059.png,Male,0.96
18946.png,Male,0.74
76208.png,Male,0.99
05968.png,Male,0.98
76491.png,Male,0.8
28916.png,Male,0.94
28350.png,Male,0.93
17835.png,Male,0.97
28639.png,Female,0.79
08726.png,Male,0.95
62745.png,Male,0.93
04732.png,Male,0.98
75962.png,Female,0.74
19264.png,Female,0.88
18034.png,Male,0.81
16593.png,Male,0.82
93102.png,Male,0.98
53821.png,Male,0.99
31569.png,Male,0.9
42103.png,Male,0.89
70452.png,Male,0.94
05421.png,Male,0.99
93126.png,Male,0.71
09617.png,Male,0.93
15278.png,Female,0.92
97651.png,Male,0.98
78520.png,Male,0.89
48923.png,Male,0.94
06749.png,Male,0.9
01796.png,Male,0.84
73456.png,Male,0.75
07451.png,Male,0.89
29703.png,Male,0.73
20958.png,Male,0.8
57962.png,Male,0.77
43192.png,Male,0.92
57324.png,Male,0.72
68295.png,Male,0.76
02471.png,Male,0.83
67894.png,Male,0.94
10852.png,Male,0.87
79068.png,Male,0.84
43852.png,Female,0.82
50741.png,Male,0.95
29465.png,Male,0.95
86195.png,Male,0.91
67548.png,Male,0.92
46197.png,Male,0.99
49850.png,Male,0.99
70158.png,Male,0.92
96408.png,Male,0.94
79485.png,Male,0.9
23140.png,Male,0.97
09247.png,Male,0.76
86394.png,Male,0.93
28435.png,Male,0.73
01836.png,Male,0.99
71392.png,Male,0.98
13724.png,Male,0.98
17025.png,Male,0.71
13720.png,Male,0.83
91724.png,Male,0.97
75648.png,Male,0.98
71308.png,Male,0.99
90734.png,Male,0.99
02914.png,Male,0.96
82195.png,Male,0.73
05649.png,Male,0.93
40329.png,Female,0.73
26481.png,Male,0.97
19234.png,Male,0.87
60985.png,Male,0.98
28516.png,Male,0.93
98637.png,Female,0.82
51437.png,Male,0.98
62413.png,Female,0.77
19820.png,Male,0.96
64781.png,Male,0.81
68715.png,Male,0.94
54018.png,Male,0.99
10629.png,Female,0.93
74583.png,Male,0.9
79168.png,Male,0.91
23467.png,Male,0.97
78956.png,Female,0.95
82316.png,Male,0.99
50348.png,Male,0.91
83106.png,Male,0.98
45291.png,Male,0.85
45291.png,Female,0.71
01793.png,Male,0.99
74302.png,Male,0.95
13506.png,Female,0.92
45739.png,Male,0.86
67594.png,Male,0.95
81950.png,Male,0.81
23065.png,Male,0.97
47529.png,Female,0.74
71289.png,Male,0.98
57189.png,Male,0.95
45978.png,Male,0.97
36497.png,Male,0.96
08172.png,Male,0.82
95380.png,Male,0.76
64071.png,Male,0.94
67419.png,Male,0.79
05346.png,Male,0.94
69123.png,Male,0.94
14579.png,Male,0.97
60538.png,Male,0.95
65704.png,Male,0.94
19860.png,Female,0.94
62751.png,Male,0.92
73054.png,Male,0.97
98457.png,Male,0.96
01293.png,Male,0.89
59021.png,Male,0.89
54019.png,Female,0.91
46850.png,Male,0.9
06374.png,Female,0.91
19457.png,Male,0.95
87504.png,Female,0.98
52839.png,Male,0.86
15948.png,Male,0.92
08495.png,Male,0.81
46529.png,Male,0.99
62378.png,Female,0.9
93602.png,Male,0.96
35412.png,Male,0.93
15647.png,Female,0.98
73825.png,Male,0.71
41276.png,Male,0.98
50931.png,Male,0.77
49201.png,Male,0.92
62019.png,Male,0.92
43675.png,Male,0.95
10752.png,Male,0.72
94650.png,Male,0.97
25314.png,Male,0.99
08179.png,Male,0.97
10634.png,Female,0.72
42073.png,Male,0.96
01925.png,Female,0.74
06491.png,Male,0.97
48920.png,Male,0.96
45208.png,Male,0.9
96513.png,Male,0.94
07452.png,Male,0.93
62907.png,Male,0.77
58061.png,Female,0.92
04926.png,Male,0.89
39784.png,Male,0.71
12837.png,Female,0.74
76843.png,Male,0.78
50492.png,Male,0.94
40293.png,Male,0.97
94578.png,Male,0.96
49260.png,Male,0.94
89071.png,Female,0.75
23198.png,Male,0.93
26910.png,Male,0.98
86072.png,Male,0.96
49537.png,Male,0.83
96342.png,Male,0.71
21637.png,Female,0.79
24368.png,Male,0.89
91856.png,Male,0.82
28571.png,Male,0.98
41263.png,Male,0.9
20851.png,Female,0.72
12834.png,Male,0.92
73162.png,Male,0.97
05327.png,Male,0.88
83140.png,Male,0.88
06958.png,Female,0.91
71548.png,Male,0.91
71048.png,Male,0.97
05249.png,Female,0.87
19783.png,Male,0.93
37615.png,Female,0.83
73125.png,Male,0.95
91078.png,Male,0.95
78092.png,Male,0.97
96415.png,Male,0.9
34196.png,Male,0.96
13402.png,Male,0.93
53184.png,Male,0.78
65478.png,Male,0.82
21405.png,Male,0.98
26831.png,Female,0.83
34782.png,Male,0.96
94087.png,Female,0.76
85417.png,Male,0.88
17359.png,Male,0.98
27034.png,Male,0.98
54621.png,Female,0.94
65978.png,Male,0.94
85690.png,Male,0.71
50167.png,Male,1.0
17652.png,Male,0.97
01943.png,Male,0.84
04857.png,Female,0.74
04782.png,Male,0.81
57982.png,Male,0.95
91058.png,Male,0.98
69850.png,Male,0.97
92148.png,Male,0.92
27391.png,Male,0.98
23715.png,Male,0.9
51476.png,Male,0.76
46528.png,Male,0.73
80792.png,Female,0.76
96183.png,Male,0.89
48927.png,Male,0.93
73846.png,Male,0.94
20381.png,Male,0.73
87341.png,Male,0.91
38456.png,Male,0.97
01359.png,Male,0.88
41832.png,Male,0.89
04187.png,Male,0.96
18526.png,Male,0.98
14263.png,Male,0.9
12376.png,Male,0.92
16275.png,Male,0.75
69813.png,Male,0.95
59814.png,Male,0.79
73256.png,Male,0.91
76542.png,Female,0.84
94085.png,Male,0.97
79128.png,Male,0.76
36194.png,Male,0.99
05461.png,Male,0.84
40512.png,Male,0.9
45691.png,Female,0.88
91045.png,Male,0.92
12604.png,Male,0.97
32706.png,Male,0.94
06845.png,Male,0.98
65824.png,Male,0.96
94360.png,Female,0.82
01329.png,Male,0.88
90742.png,Male,0.91
06293.png,Male,0.83
06829.png,Male,0.86
18792.png,Male,0.98
23094.png,Female,0.71
14583.png,Male,0.84
20341.png,Male,0.87
34618.png,Male,0.97
48125.png,Male,0.87
02974.png,Male,0.84
85496.png,Male,0.92
79625.png,Female,0.75
36957.png,Female,0.82
87691.png,Female,0.92
15847.png,Male,0.94
08917.png,Male,0.86
48295.png,Male,0.72
34576.png,Male,0.91
17642.png,Male,0.91
96153.png,Male,0.88
91423.png,Male,0.86
21963.png,Male,0.91
70235.png,Male,0.81
49675.png,Male,0.98
01548.png,Male,0.88
47528.png,Female,0.86
29587.png,Male,0.91
01827.png,Male,0.96
69524.png,Male,0.97
97438.png,Male,0.97
13096.png,Male,0.96
03984.png,Male,0.94
67284.png,Male,0.82
28564.png,Male,0.94
86293.png,Male,0.98
86930.png,Male,0.94
47982.png,Male,0.73
79243.png,Male,0.96
41502.png,Male,0.96
86135.png,Male,0.95
67043.png,Male,0.98
78014.png,Male,0.71
54062.png,Male,0.83
10837.png,Male,0.96
43716.png,Male,0.76
78945.png,Male,0.97
84107.png,Female,0.73
95637.png,Female,0.92
89067.png,Male,0.82
76083.png,Female,0.79
52473.png,Male,0.97
61937.png,Male,0.79
52936.png,Male,0.8
17425.png,Male,0.87
21804.png,Male,0.92
80591.png,Male,0.95
40587.png,Male,0.74
96231.png,Male,0.95
03296.png,Female,0.93
16395.png,Male,0.98
81436.png,Male,0.98
09528.png,Male,0.74
06759.png,Male,0.9
12394.png,Female,0.98
59837.png,Male,0.84
54270.png,Male,0.94
24569.png,Male,0.91
63509.png,Male,0.82
27963.png,Male,0.97
25931.png,Male,0.97
41768.png,Male,0.87
54693.png,Male,0.89
39478.png,Male,0.91
92187.png,Female,0.87
34870.png,Male,0.83
49327.png,Male,0.74
60721.png,Male,0.98
89371.png,Male,0.95
86725.png,Male,0.73
15379.png,Male,0.97
56309.png,Male,0.89
57918.png,Male,0.77
02853.png,Male,0.97
04316.png,Male,0.9
10956.png,Male,0.96
40819.png,Male,0.79
72605.png,Male,0.95
89275.png,Male,0.95
50293.png,Female,0.77
65734.png,Male,0.95
79234.png,Male,0.78
76923.png,Male,0.84
46137.png,Male,0.84
42690.png,Male,0.99
17483.png,Male,0.85
98203.png,Male,0.88
86207.png,Male,0.98
08539.png,Male,0.91
74083.png,Male,0.82
05489.png,Male,0.98
90471.png,Male,0.81
34170.png,Male,0.93
50764.png,Male,0.96
81942.png,Male,0.93
46792.png,Male,0.98
23015.png,Male,0.82
21978.png,Male,0.89
93462.png,Male,0.94
39725.png,Female,0.73
16758.png,Male,0.98
17439.png,Male,0.94
50186.png,Male,0.72
17630.png,Male,0.98
05214.png,Male,0.95
30126.png,Male,0.9
30571.png,Male,0.96
64730.png,Male,0.77
36201.png,Female,0.8
34652.png,Male,0.81
92015.png,Male,0.98
92718.png,Male,0.83
03924.png,Male,0.9
23817.png,Male,0.94
63805.png,Male,0.97
10528.png,Female,0.79
10258.png,Male,0.82
16420.png,Male,0.92
10639.png,Female,0.8
50869.png,Male,0.88
28691.png,Male,0.97
89043.png,Female,0.96
58607.png,Male,0.92
36752.png,Male,0.92
30782.png,Male,0.98
37916.png,Female,0.8
16723.png,Male,0.99
61820.png,Male,0.93
54639.png,Male,0.98
42063.png,Male,0.98
18679.png,Male,0.98
19384.png,Female,0.83
97406.png,Male,0.99
10963.png,Male,0.82
30954.png,Male,0.99
20316.png,Male,0.92
74218.png,Male,0.93
39247.png,Male,0.87
51693.png,Male,0.96
31896.png,Male,0.83
40597.png,Male,0.99
72964.png,Male,0.88
25706.png,Male,0.87
45367.png,Male,0.84
13960.png,Male,0.87
90728.png,Female,0.74
85061.png,Male,0.98
30154.png,Male,0.94
30927.png,Male,0.89
56738.png,Male,0.97
93481.png,Male,0.91
98156.png,Male,0.71
90148.png,Male,0.86
53628.png,Female,0.85
98602.png,Male,0.96
36789.png,Male,0.76
74562.png,Male,0.99
75469.png,Female,0.76
95723.png,Male,0.74
80327.png,Male,0.73
93718.png,Male,0.76
92738.png,Male,0.86
93057.png,Female,0.71
24975.png,Female,0.99
06125.png,Female,0.96
75209.png,Male,0.97
71492.png,Male,0.73
32960.png,Male,0.98
59473.png,Male,0.83
60357.png,Male,0.95
01835.png,Male,0.98
51934.png,Male,0.89
86934.png,Male,0.92
02358.png,Male,0.78
46783.png,Male,0.91
02846.png,Male,0.96
21346.png,Male,0.89
82704.png,Male,0.93
12495.png,Male,0.88
23476.png,Male,0.75
65871.png,Female,0.71
95403.png,Female,0.83
75134.png,Male,0.84
63195.png,Male,0.74
94158.png,Male,0.86
81724.png,Male,0.99
03718.png,Male,0.98
87905.png,Male,0.83
93425.png,Male,0.95
78459.png,Male,0.8
96325.png,Male,0.98
02641.png,Male,0.87
38590.png,Male,0.99
59871.png,Female,0.74
28450.png,Male,0.93
63187.png,Female,0.82
98504.png,Male,0.96
16532.png,Male,0.77
26374.png,Male,0.98
59836.png,Female,0.76
84265.png,Male,0.95
39018.png,Male,0.81
95173.png,Male,0.93
19635.png,Male,0.78
45289.png,Male,0.82
27816.png,Male,0.9
68423.png,Male,0.92
01235.png,Male,0.97
57921.png,Male,0.99
32690.png,Female,0.91
08546.png,Male,0.72
76825.png,Female,0.84
58176.png,Male,0.97
38246.png,Male,0.91
68507.png,Male,0.85
08275.png,Male,0.95
97102.png,Male,0.83
09827.png,Male,0.94
57831.png,Male,0.86
17530.png,Male,0.97
37621.png,Male,0.76
76598.png,Female,0.89
23597.png,Male,0.91
28637.png,Male,0.98
89740.png,Male,0.8
94302.png,Male,0.99
10542.png,Male,0.8
81273.png,Male,0.96
25739.png,Male,0.91
23658.png,Male,0.95
70914.png,Male,0.98
73160.png,Male,0.76
92038.png,Male,0.75
18547.png,Male,0.9
68927.png,Male,0.83
73489.png,Male,0.98
19526.png,Male,0.99
36098.png,Male,0.98
13285.png,Male,0.96
82760.png,Male,0.9
04851.png,Male,0.85
09618.png,Female,0.9
91082.png,Male,0.95
58309.png,Male,0.87
19607.png,Male,0.93
10489.png,Male,0.95
95176.png,Male,0.8
29015.png,Male,0.86
50981.png,Female,0.72
72419.png,Male,0.92
02548.png,Male,0.72
02456.png,Male,0.97
62581.png,Male,0.84
71459.png,Male,0.98
27398.png,Male,0.99
27604.png,Male,0.73
49152.png,Male,0.92
51630.png,Male,0.98
78450.png,Male,0.92
78236.png,Male,0.94
65413.png,Male,0.99
80614.png,Male,0.92
12396.png,Male,0.97
40268.png,Male,0.92
28403.png,Female,0.98
32149.png,Male,0.74
48123.png,Male,0.98
97832.png,Male,0.97
13567.png,Male,0.73
70324.png,Male,0.95
13647.png,Female,0.71
09516.png,Female,0.74
10946.png,Male,0.73
41890.png,Male,0.98
65238.png,Male,0.99
32415.png,Male,0.91
39820.png,Male,0.99
82453.png,Male,0.94
38156.png,Male,0.91
81956.png,Male,0.98
56917.png,Male,0.76
03146.png,Male,0.95
70189.png,Female,0.9
72519.png,Female,0.76
74126.png,Male,0.96
26459.png,Male,0.99
50241.png,Male,0.87
81549.png,Female,0.93
35178.png,Female,0.86
27369.png,Male,0.92
37254.png,Male,0.97
96174.png,Male,0.99
49176.png,Male,0.98
71486.png,Male,0.79
10287.png,Male,0.96
72504.png,Female,0.85
17450.png,Male,0.98
34897.png,Male,0.71
67051.png,Male,0.97
93284.png,Male,0.76
04273.png,Male,0.73
79512.png,Male,0.79
75601.png,Female,0.81
70153.png,Male,0.76
35902.png,Male,0.97
90637.png,Male,0.74
61349.png,Male,0.95
75960.png,Female,0.98
74061.png,Male,0.9
97051.png,Male,0.74
49580.png,Male,0.96
07825.png,Male,0.99
75642.png,Male,0.76
90138.png,Female,0.72
28964.png,Female,0.92
47209.png,Male,0.77
07615.png,Male,0.99
60478.png,Male,0.73
21497.png,Male,0.79
84362.png,Male,0.98
80174.png,Male,0.93
90163.png,Male,0.96
36954.png,Male,0.88
83520.png,Male,0.98
29708.png,Male,0.98
29847.png,Male,0.94
02146.png,Female,0.85
63097.png,Male,0.92
19758.png,Male,0.97
31624.png,Male,0.98
29351.png,Female,0.71
74910.png,Male,0.97
73518.png,Male,0.78
82793.png,Male,0.92
48513.png,Male,0.97
21650.png,Male,0.83
09148.png,Male,0.76
39672.png,Female,0.94
92051.png,Male,0.79
34950.png,Male,0.96
10784.png,Male,0.95
67598.png,Male,0.95
72309.png,Male,0.89
57912.png,Female,0.79
67485.png,Male,0.95
72469.png,Male,0.74
97068.png,Male,0.99
83290.png,Male,0.92
06738.png,Male,0.98
75239.png,Female,0.86
34567.png,Male,0.97
65409.png,Male,0.98
87023.png,Male,0.88
14783.png,Female,0.81
25901.png,Female,0.84
89360.png,Male,0.97
43217.png,Male,0.98
01247.png,Male,0.99
98105.png,Male,0.98
37504.png,Male,0.78
39067.png,Male,0.93
85476.png,Male,0.98
61038.png,Male,0.97
49802.png,Male,0.83
96471.png,Male,0.84
62490.png,Female,0.9
76498.png,Male,0.88
07236.png,Female,0.89
80379.png,Male,0.89
14632.png,Male,0.78
61408.png,Male,0.92
05479.png,Male,0.85
08517.png,Male,0.91
15230.png,Male,0.78
92708.png,Male,0.92
47095.png,Male,0.91
20543.png,Female,0.79
18562.png,Female,0.98
50921.png,Female,0.85
87146.png,Male,0.96
89236.png,Male,0.98
57183.png,Female,0.94
34925.png,Male,0.99
87130.png,Male,0.78
81647.png,Male,0.95
70825.png,Male,0.94
53768.png,Male,0.86
63275.png,Male,0.95
78104.png,Male,0.95
10423.png,Male,0.92
01276.png,Male,0.89
26407.png,Male,0.92
36812.png,Male,0.85
60597.png,Male,0.76
71596.png,Female,0.93
69750.png,Male,0.94
71058.png,Male,0.84
62147.png,Male,0.8
30478.png,Male,0.93
05174.png,Male,0.98
08132.png,Male,0.99
06439.png,Male,0.97
61798.png,Female,0.93
61798.png,Male,0.77
37951.png,Male,0.96
40896.png,Male,0.95
37862.png,Male,0.9
38576.png,Male,0.94
02576.png,Male,0.97
25376.png,Male,0.75
47926.png,Male,0.91
87425.png,Male,0.95
01658.png,Male,0.92
02459.png,Male,0.98
76134.png,Female,0.91
86325.png,Male,0.97
61257.png,Male,0.97
73259.png,Male,0.83
57103.png,Male,0.88
01389.png,Male,0.89
92436.png,Male,0.9
17093.png,Male,0.88
25830.png,Female,0.75
54692.png,Male,0.93
82743.png,Male,0.94
42903.png,Male,0.77
49716.png,Male,0.93
30519.png,Male,0.79
78924.png,Male,0.98
93786.png,Male,0.82
65380.png,Male,0.87
49017.png,Male,0.97
51978.png,Male,0.99
95876.png,Male,0.98
62719.png,Male,0.8
14283.png,Male,0.91
14829.png,Male,0.98
24765.png,Male,0.98
92814.png,Male,0.87
02795.png,Male,0.93
45780.png,Male,0.82
49750.png,Male,0.84
19672.png,Male,0.82
76032.png,Female,0.82
40312.png,Male,0.96
29148.png,Male,0.95
67129.png,Male,0.9
15432.png,Male,0.87
78054.png,Male,0.92
69780.png,Female,0.92
94651.png,Female,0.96
21534.png,Male,0.95
48079.png,Male,0.72
60741.png,Male,0.96
43680.png,Male,0.88
19458.png,Male,0.93
24309.png,Male,0.97
05869.png,Male,0.95
75438.png,Male,0.71
09124.png,Male,0.94
40572.png,Female,0.96
38952.png,Male,0.96
61037.png,Male,0.76
45180.png,Male,0.96
07268.png,Male,0.93
65917.png,Male,0.99
72461.png,Female,0.94
29476.png,Male,0.78
07645.png,Male,0.96
30492.png,Male,0.8
37021.png,Male,0.97
84951.png,Male,0.74
34502.png,Male,0.97
14327.png,Male,0.94
47056.png,Male,0.83
19763.png,Male,0.97
21904.png,Male,0.99
41268.png,Male,0.98
42083.png,Male,0.88
91683.png,Male,0.93
29710.png,Male,0.91
86750.png,Male,0.95
02149.png,Male,0.81
02164.png,Male,0.72
61873.png,Male,0.83
37628.png,Male,0.95
59401.png,Male,0.94
38061.png,Female,0.71
25693.png,Male,0.92
25791.png,Male,0.95
50649.png,Male,0.86
52640.png,Female,0.84
86170.png,Male,0.92
28197.png,Male,0.91
67398.png,Male,0.99
45698.png,Male,0.98
13259.png,Female,0.96
13962.png,Male,0.9
12703.png,Male,0.79
53420.png,Male,0.95
81705.png,Male,0.93
94176.png,Male,0.99
38946.png,Female,0.95
14823.png,Male,0.97
56432.png,Male,0.98
89263.png,Male,0.95
40578.png,Male,0.85
02789.png,Male,0.97
54931.png,Male,0.82
18246.png,Male,0.86
21036.png,Male,0.98
10749.png,Male,0.96
17340.png,Male,0.98
59028.png,Male,0.78
98537.png,Female,0.81
95687.png,Male,0.88
85317.png,Male,0.97
81027.png,Male,0.94
87621.png,Male,0.98
07694.png,Male,0.99
58679.png,Male,0.94
14679.png,Female,0.72
83095.png,Male,0.84
82436.png,Male,0.88
95810.png,Male,0.98
92734.png,Male,0.88
18945.png,Male,0.86
81263.png,Male,0.89
67831.png,Male,0.93
82731.png,Male,0.71
68034.png,Male,0.98
82539.png,Male,0.99
49758.png,Male,0.76
13587.png,Male,0.98
48317.png,Male,0.83
52743.png,Male,0.86
96327.png,Male,0.9
27145.png,Male,0.94
38697.png,Female,0.72
12804.png,Male,0.83
76942.png,Female,0.81
70183.png,Male,0.84
46907.png,Male,0.75
56429.png,Male,0.74
18204.png,Male,0.91
05296.png,Male,0.99
80347.png,Male,0.86
43702.png,Female,0.71
97426.png,Male,0.77
67348.png,Male,0.93
10983.png,Male,0.95
03847.png,Male,0.73
20538.png,Male,0.89
59346.png,Male,0.98
59731.png,Male,0.92
40167.png,Male,0.87
46823.png,Female,0.71
13470.png,Male,0.99
72945.png,Male,0.98
24653.png,Male,0.84
47289.png,Male,0.95
50461.png,Male,0.94
07458.png,Male,0.94
73250.png,Male,0.87
60374.png,Male,0.94
59482.png,Male,0.97
69052.png,Male,0.93
35942.png,Male,0.77
65430.png,Male,0.91
68517.png,Male,0.98
48520.png,Male,0.98
31509.png,Female,0.89
89603.png,Male,0.71
86730.png,Male,0.9
16837.png,Male,0.85
37865.png,Male,0.86
36821.png,Male,0.96
40815.png,Male,0.79
89461.png,Male,0.97
45189.png,Male,0.9
84620.png,Male,0.95
42685.png,Female,0.9
26049.png,Male,0.97
65179.png,Male,0.9
52316.png,Male,0.81
16248.png,Male,0.76
05943.png,Male,0.84
10458.png,Male,0.95
65108.png,Male,0.98
94725.png,Male,0.75
59034.png,Male,0.86
84059.png,Female,0.78
06827.png,Male,0.85
13849.png,Female,0.81
17860.png,Male,0.88
65819.png,Male,0.85
06752.png,Male,0.74
43612.png,Male,0.93
84510.png,Male,0.96
43691.png,Male,0.98
35907.png,Female,0.86
80524.png,Male,0.8
61274.png,Male,0.79
52738.png,Female,0.81
27156.png,Male,0.85
39528.png,Male,0.98
18427.png,Male,0.76
91845.png,Male,0.97
03279.png,Male,0.75
96421.png,Female,0.87
64593.png,Female,0.72
07561.png,Male,0.94
69013.png,Male,0.98
65240.png,Male,0.91
92710.png,Male,0.99
01256.png,Male,0.81
08295.png,Male,0.98
40321.png,Male,0.97
43216.png,Male,0.91
54830.png,Male,0.95
97531.png,Female,0.81
13620.png,Male,0.82
39170.png,Male,0.89
12649.png,Male,0.98
85267.png,Male,0.98
23761.png,Male,0.93
10895.png,Male,0.95
35146.png,Male,0.96
43506.png,Male,0.96
24835.png,Male,0.74
41237.png,Male,0.81
56123.png,Male,0.74
68192.png,Male,0.87
92613.png,Male,0.96
27864.png,Male,0.99
83972.png,Male,0.98
76549.png,Male,0.88
69428.png,Male,0.98
96123.png,Male,0.93
19523.png,Male,0.97
46831.png,Female,0.91
59278.png,Male,0.98
39206.png,Male,0.94
05329.png,Male,0.95
