image_id,animal,prob
78429.png,surprise,0.86
56489.png,sad,0.76
29814.png,surprise,0.84
54318.png,surprise,0.94
34506.png,surprise,0.83
27450.png,surprise,0.95
27450.png,happy,0.71
47386.png,surprise,0.95
02169.png,surprise,0.94
36508.png,surprise,0.93
36508.png,fear,0.72
98721.png,surprise,0.96
23401.png,surprise,0.98
94067.png,surprise,0.84
70614.png,surprise,0.87
28437.png,surprise,0.93
47628.png,surprise,0.98
68503.png,surprise,0.98
90718.png,surprise,0.92
71920.png,surprise,0.93
70329.png,surprise,0.82
19502.png,fear,0.74
18942.png,sad,0.85
97015.png,surprise,0.98
59487.png,surprise,0.98
39456.png,surprise,0.81
73849.png,happy,0.77
81792.png,surprise,0.77
78243.png,surprise,0.95
78243.png,surprise,0.92
45128.png,surprise,0.9
57284.png,sad,0.83
14870.png,surprise,0.9
93142.png,surprise,0.98
58631.png,surprise,0.96
29056.png,sad,0.8
37548.png,surprise,0.97
89607.png,surprise,0.84
94675.png,surprise,0.94
05784.png,surprise,0.89
15083.png,happy,0.77
17834.png,surprise,0.94
17834.png,happy,0.72
90574.png,surprise,0.98
93024.png,surprise,0.8
30241.png,surprise,0.89
72364.png,surprise,0.92
16873.png,surprise,0.96
58621.png,surprise,0.88
63985.png,surprise,0.92
13596.png,surprise,0.79
61893.png,surprise,0.89
98720.png,surprise,0.89
38097.png,surprise,0.95
54263.png,surprise,0.98
62739.png,happy,0.75
17306.png,surprise,0.93
07618.png,surprise,0.97
50619.png,surprise,0.97
12638.png,surprise,0.9
28970.png,surprise,0.91
69014.png,surprise,0.96
80196.png,surprise,0.95
82137.png,sad,0.74
41063.png,surprise,0.79
27943.png,sad,0.82
25971.png,surprise,0.87
25971.png,surprise,0.71
48573.png,surprise,0.8
73506.png,surprise,0.98
65809.png,sad,0.96
25749.png,surprise,0.98
43519.png,surprise,0.95
75928.png,happy,0.74
09851.png,sad,0.89
12570.png,anger,0.8
15938.png,surprise,0.91
23806.png,surprise,0.73
69713.png,surprise,0.83
69713.png,happy,0.73
69512.png,surprise,0.77
50236.png,surprise,0.96
30764.png,surprise,0.77
70893.png,surprise,0.88
14068.png,disgust,0.85
34715.png,surprise,0.97
19470.png,surprise,0.74
32516.png,anger,0.82
83591.png,sad,0.79
01956.png,surprise,0.92
82946.png,surprise,0.88
01893.png,surprise,0.95
91345.png,happy,0.84
96307.png,surprise,0.77
56482.png,anger,0.96
17935.png,surprise,0.96
64291.png,surprise,0.82
54683.png,surprise,0.97
86701.png,surprise,0.94
68270.png,surprise,0.96
68270.png,happy,0.8
17852.png,surprise,0.83
17852.png,surprise,0.72
49185.png,happy,0.76
06328.png,surprise,0.98
06328.png,happy,0.74
12763.png,surprise,0.9
12763.png,surprise,0.86
42986.png,fear,0.72
83960.png,surprise,0.93
76431.png,surprise,0.94
65140.png,surprise,0.97
23197.png,surprise,0.96
23197.png,happy,0.75
19537.png,surprise,0.98
63104.png,sad,0.84
96078.png,happy,0.77
52746.png,surprise,0.94
42391.png,happy,0.73
57630.png,surprise,0.95
49873.png,surprise,0.8
72431.png,surprise,0.88
53068.png,surprise,0.98
04759.png,surprise,0.97
70396.png,surprise,0.97
70396.png,happy,0.72
04538.png,surprise,0.91
76038.png,sad,0.85
76139.png,surprise,0.82
19780.png,surprise,0.86
19780.png,surprise,0.85
05789.png,anger,0.95
98463.png,surprise,0.81
87120.png,happy,0.73
06315.png,surprise,0.73
79428.png,surprise,0.84
38609.png,disgust,0.73
45286.png,anger,0.71
87065.png,surprise,0.88
84069.png,surprise,0.89
21957.png,surprise,0.71
50372.png,surprise,0.92
58239.png,sad,0.74
58239.png,disgust,0.72
32476.png,surprise,0.91
37498.png,sad,0.76
67103.png,sad,0.8
28397.png,surprise,0.97
58601.png,surprise,0.87
67054.png,surprise,0.89
40125.png,happy,0.71
12650.png,surprise,0.87
40917.png,fear,0.79
40917.png,fear,0.77
36927.png,surprise,0.88
36927.png,surprise,0.88
87594.png,surprise,0.91
39852.png,surprise,0.75
37284.png,surprise,0.93
13874.png,surprise,0.93
13874.png,happy,0.78
18650.png,surprise,0.95
73984.png,fear,0.82
41637.png,surprise,0.78
03591.png,surprise,0.95
08147.png,surprise,0.96
62057.png,surprise,0.73
04267.png,surprise,0.97
83765.png,surprise,0.98
93162.png,anger,0.9
92358.png,sad,0.78
45608.png,happy,0.81
56972.png,sad,0.91
36970.png,surprise,0.96
36970.png,happy,0.77
90756.png,surprise,0.71
47239.png,surprise,0.86
71930.png,happy,0.73
17904.png,happy,0.75
39241.png,surprise,0.93
02584.png,surprise,0.94
67041.png,surprise,0.98
54781.png,anger,0.73
57608.png,surprise,0.84
78652.png,happy,0.72
93401.png,surprise,0.87
26410.png,surprise,0.82
83571.png,surprise,0.96
71843.png,surprise,0.93
98706.png,surprise,0.95
41623.png,surprise,0.97
29851.png,surprise,0.79
41032.png,surprise,0.81
31485.png,sad,0.86
56812.png,happy,0.78
56812.png,happy,0.71
23957.png,surprise,0.77
74805.png,anger,0.72
63749.png,surprise,0.78
21647.png,sad,0.76
29308.png,surprise,0.94
83402.png,happy,0.8
91340.png,happy,0.82
58609.png,surprise,0.95
54978.png,happy,0.71
57169.png,surprise,0.73
06847.png,surprise,0.92
06847.png,surprise,0.87
14769.png,surprise,0.72
92601.png,surprise,0.98
08962.png,surprise,0.8
08962.png,surprise,0.73
59048.png,surprise,0.98
82360.png,surprise,0.72
75941.png,sad,0.82
79368.png,surprise,0.88
05463.png,surprise,0.99
48376.png,surprise,0.97
74356.png,surprise,0.88
38674.png,surprise,0.86
61748.png,sad,0.86
49237.png,sad,0.74
63905.png,surprise,0.78
29735.png,surprise,0.78
30142.png,happy,0.76
98427.png,surprise,0.85
16824.png,anger,0.82
31472.png,happy,0.79
31472.png,happy,0.76
28590.png,surprise,0.94
28590.png,surprise,0.78
13579.png,surprise,0.8
36907.png,happy,0.79
36907.png,happy,0.75
36907.png,happy,0.74
78921.png,surprise,0.9
29364.png,surprise,0.97
42681.png,disgust,0.74
90326.png,surprise,0.81
42398.png,happy,0.8
34178.png,happy,0.76
73205.png,sad,0.78
51789.png,surprise,0.9
30124.png,sad,0.77
32546.png,surprise,0.89
27914.png,sad,0.91
94378.png,surprise,0.9
37129.png,surprise,0.86
92670.png,surprise,0.84
03962.png,surprise,0.78
03962.png,surprise,0.78
79104.png,surprise,0.91
50784.png,surprise,0.92
36780.png,fear,0.75
15480.png,surprise,0.76
45206.png,surprise,0.95
16925.png,surprise,0.82
71083.png,surprise,0.92
15820.png,surprise,0.96
17386.png,surprise,0.94
79463.png,surprise,0.88
14037.png,contempt,0.84
14037.png,surprise,0.77
72509.png,sad,0.95
72509.png,happy,0.72
41795.png,surprise,0.95
15983.png,surprise,0.93
60812.png,surprise,0.97
01634.png,sad,0.97
87914.png,sad,0.87
60758.png,surprise,0.77
18640.png,surprise,0.88
63052.png,surprise,0.97
43857.png,surprise,0.89
01823.png,sad,0.85
47123.png,surprise,0.89
12709.png,surprise,0.82
12709.png,sad,0.73
94861.png,surprise,0.95
84392.png,happy,0.81
86351.png,happy,0.76
73082.png,sad,0.79
46205.png,surprise,0.95
46205.png,happy,0.71
94731.png,surprise,0.93
94731.png,surprise,0.9
73406.png,surprise,0.93
89170.png,surprise,0.94
07836.png,surprise,0.98
12086.png,surprise,0.91
79405.png,surprise,0.89
24603.png,surprise,0.81
59726.png,surprise,0.95
08537.png,surprise,0.97
52301.png,surprise,0.84
78294.png,surprise,0.92
24971.png,surprise,0.94
31705.png,happy,0.79
73568.png,fear,0.8
90126.png,happy,0.75
71365.png,surprise,0.96
16870.png,surprise,0.83
34659.png,anger,0.74
84236.png,surprise,0.75
32691.png,sad,0.77
80157.png,surprise,0.94
58321.png,anger,0.81
75382.png,surprise,0.88
80134.png,anger,0.71
72893.png,surprise,0.95
56807.png,surprise,0.86
75104.png,surprise,0.97
86450.png,happy,0.72
80521.png,surprise,0.88
10932.png,surprise,0.88
85173.png,happy,0.71
32409.png,surprise,0.91
32409.png,surprise,0.89
49120.png,surprise,0.74
93578.png,surprise,0.98
04785.png,surprise,0.98
04785.png,surprise,0.76
89162.png,fear,0.8
01627.png,surprise,0.79
53021.png,surprise,0.92
53021.png,surprise,0.83
93072.png,sad,0.9
80395.png,surprise,0.95
47601.png,surprise,0.95
47601.png,happy,0.73
35601.png,surprise,0.96
12806.png,surprise,0.97
61754.png,surprise,0.91
68901.png,surprise,0.94
93521.png,surprise,0.82
98406.png,surprise,0.98
76821.png,surprise,0.79
96023.png,surprise,0.96
28495.png,surprise,0.93
92086.png,happy,0.71
05819.png,happy,0.77
30982.png,surprise,0.72
36725.png,surprise,0.79
20568.png,happy,0.71
15097.png,sad,0.74
32481.png,surprise,0.93
97204.png,surprise,0.96
56294.png,anger,0.76
16520.png,surprise,0.94
16520.png,surprise,0.91
56183.png,surprise,0.88
49318.png,surprise,0.76
15064.png,sad,0.91
54917.png,surprise,0.82
85261.png,happy,0.78
63290.png,surprise,0.9
08613.png,sad,0.75
15078.png,happy,0.74
85293.png,surprise,0.91
02764.png,sad,0.87
98723.png,fear,0.92
23564.png,surprise,0.71
80736.png,surprise,0.92
95237.png,anger,0.89
43069.png,happy,0.73
59316.png,happy,0.74
85930.png,surprise,0.84
94813.png,surprise,0.95
23807.png,disgust,0.78
30745.png,surprise,0.98
46507.png,happy,0.8
25067.png,surprise,0.91
50823.png,anger,0.72
26890.png,surprise,0.74
04958.png,surprise,0.89
89160.png,happy,0.81
53764.png,surprise,0.99
87390.png,sad,0.76
87013.png,anger,0.8
95203.png,surprise,0.95
71942.png,happy,0.74
56130.png,surprise,0.74
23054.png,surprise,0.88
04397.png,surprise,0.97
01364.png,surprise,0.77
56210.png,surprise,0.94
56210.png,happy,0.75
07385.png,surprise,0.88
49536.png,surprise,0.82
49536.png,happy,0.79
39217.png,happy,0.73
72486.png,anger,0.86
82631.png,happy,0.73
38410.png,disgust,0.95
18593.png,happy,0.86
18593.png,surprise,0.85
52369.png,fear,0.74
67983.png,sad,0.76
69235.png,surprise,0.88
69348.png,surprise,0.93
82457.png,surprise,0.78
82457.png,sad,0.77
95371.png,surprise,0.89
95371.png,surprise,0.77
93405.png,happy,0.71
87695.png,surprise,0.93
87695.png,happy,0.72
59408.png,surprise,0.89
20749.png,surprise,0.76
72163.png,surprise,0.87
23407.png,surprise,0.97
76924.png,surprise,0.86
76924.png,happy,0.83
29463.png,fear,0.81
96354.png,surprise,0.9
46721.png,surprise,0.95
46138.png,surprise,0.74
62859.png,surprise,0.98
07539.png,surprise,0.96
07539.png,happy,0.77
46938.png,surprise,0.98
01962.png,surprise,0.97
39058.png,happy,0.74
09312.png,surprise,0.95
97108.png,fear,0.81
56709.png,surprise,0.95
56709.png,surprise,0.85
97162.png,happy,0.73
52103.png,surprise,0.92
52103.png,surprise,0.89
52103.png,surprise,0.87
49165.png,anger,0.78
71649.png,surprise,0.74
71649.png,surprise,0.71
21589.png,surprise,0.98
40153.png,surprise,0.96
43820.png,surprise,0.73
04287.png,surprise,0.85
04287.png,sad,0.75
90625.png,surprise,0.97
07193.png,surprise,0.93
07193.png,surprise,0.76
20943.png,surprise,0.88
87196.png,surprise,0.94
63578.png,anger,0.78
73198.png,surprise,0.89
19503.png,surprise,0.77
01392.png,surprise,0.87
30412.png,surprise,0.95
58370.png,surprise,0.92
79105.png,disgust,0.77
85209.png,disgust,0.81
28610.png,surprise,0.94
70164.png,surprise,0.98
40286.png,anger,0.83
49527.png,surprise,0.85
02476.png,sad,0.76
39078.png,disgust,0.87
94305.png,happy,0.79
94305.png,happy,0.74
51624.png,surprise,0.98
75130.png,surprise,0.97
15478.png,surprise,0.8
30872.png,surprise,0.82
40735.png,surprise,0.79
06893.png,surprise,0.91
46218.png,surprise,0.93
03594.png,surprise,0.77
37829.png,surprise,0.84
63581.png,surprise,0.89
35497.png,surprise,0.96
25837.png,surprise,0.83
72948.png,surprise,0.92
72948.png,surprise,0.82
91738.png,sad,0.82
78304.png,surprise,0.96
79351.png,sad,0.86
30586.png,surprise,0.85
51849.png,sad,0.83
97804.png,fear,0.88
36804.png,happy,0.71
81394.png,surprise,0.97
52896.png,surprise,0.74
16538.png,surprise,0.97
10254.png,surprise,0.97
89306.png,surprise,0.73
98321.png,surprise,0.79
98321.png,sad,0.77
26315.png,surprise,0.97
83461.png,surprise,0.86
75096.png,surprise,0.96
39470.png,sad,0.89
32985.png,fear,0.71
96381.png,surprise,0.77
70143.png,happy,0.75
70143.png,disgust,0.72
42068.png,surprise,0.96
86479.png,anger,0.72
59062.png,surprise,0.97
83256.png,happy,0.82
71824.png,fear,0.92
71824.png,fear,0.9
47836.png,sad,0.77
18524.png,surprise,0.95
51086.png,surprise,0.98
81245.png,fear,0.86
51092.png,surprise,0.88
18647.png,surprise,0.75
35671.png,surprise,0.88
35671.png,surprise,0.78
70923.png,surprise,0.78
65843.png,sad,0.96
13986.png,happy,0.76
93416.png,surprise,0.84
19602.png,anger,0.9
71869.png,sad,0.94
71869.png,surprise,0.83
06387.png,surprise,0.95
59672.png,surprise,0.89
59672.png,surprise,0.76
48315.png,surprise,0.88
48315.png,surprise,0.85
46123.png,surprise,0.81
46123.png,happy,0.72
79850.png,happy,0.74
78539.png,surprise,0.96
05926.png,surprise,0.82
05926.png,fear,0.72
83497.png,sad,0.73
21403.png,surprise,0.76
56430.png,surprise,0.94
96485.png,surprise,0.95
38290.png,happy,0.76
79682.png,happy,0.75
34092.png,surprise,0.95
27514.png,surprise,0.97
23076.png,surprise,0.81
95102.png,happy,0.8
31729.png,surprise,0.96
35017.png,surprise,0.96
76532.png,surprise,0.97
62513.png,surprise,0.88
16072.png,surprise,0.89
04153.png,surprise,0.97
54831.png,surprise,0.94
21065.png,surprise,0.95
21065.png,surprise,0.87
21065.png,happy,0.77
59107.png,surprise,0.94
25489.png,surprise,0.76
03678.png,surprise,0.93
87549.png,surprise,0.79
45836.png,surprise,0.98
72310.png,surprise,0.87
03148.png,surprise,0.97
54713.png,surprise,0.95
48731.png,surprise,0.89
36924.png,sad,0.8
06852.png,happy,0.71
47826.png,surprise,0.82
47826.png,surprise,0.74
89574.png,surprise,0.96
34207.png,sad,0.79
46231.png,surprise,0.94
46231.png,sad,0.8
63182.png,surprise,0.95
69812.png,surprise,0.91
26419.png,sad,0.77
75832.png,sad,0.78
02934.png,surprise,0.83
43610.png,surprise,0.96
67241.png,surprise,0.85
98573.png,surprise,0.89
87365.png,surprise,0.87
40385.png,surprise,0.79
86714.png,surprise,0.93
50624.png,happy,0.77
21380.png,surprise,0.82
61308.png,surprise,0.95
61308.png,happy,0.78
35074.png,surprise,0.92
43651.png,surprise,0.91
43651.png,happy,0.74
62514.png,surprise,0.76
24538.png,surprise,0.83
52486.png,surprise,0.85
48329.png,surprise,0.96
91756.png,surprise,0.76
10274.png,surprise,0.74
90842.png,anger,0.82
69520.png,surprise,0.98
87304.png,surprise,0.98
06714.png,surprise,0.9
98145.png,surprise,0.88
30157.png,surprise,0.92
87649.png,surprise,0.98
56497.png,happy,0.77
62315.png,surprise,0.94
52910.png,surprise,0.74
60345.png,surprise,0.72
38051.png,surprise,0.84
23908.png,surprise,0.97
78953.png,surprise,0.95
89476.png,surprise,0.96
89476.png,happy,0.87
23068.png,surprise,0.95
37054.png,happy,0.75
59436.png,surprise,0.87
69528.png,surprise,0.95
53172.png,anger,0.93
78214.png,surprise,0.74
76138.png,surprise,0.93
95321.png,surprise,0.8
18654.png,surprise,0.97
26084.png,surprise,0.76
62580.png,surprise,0.93
51647.png,happy,0.8
15798.png,surprise,0.93
31426.png,surprise,0.89
31426.png,surprise,0.8
15743.png,surprise,0.76
04126.png,surprise,0.94
56819.png,surprise,0.91
31527.png,surprise,0.88
09723.png,happy,0.78
34018.png,surprise,0.9
91704.png,sad,0.9
63025.png,surprise,0.74
03728.png,sad,0.89
72096.png,surprise,0.8
80631.png,surprise,0.96
40127.png,surprise,0.95
39625.png,surprise,0.71
01468.png,surprise,0.96
41379.png,surprise,0.97
19427.png,surprise,0.93
91730.png,sad,0.94
61092.png,anger,0.83
23849.png,sad,0.74
41983.png,surprise,0.97
51783.png,fear,0.93
72406.png,surprise,0.96
93082.png,happy,0.8
23056.png,surprise,0.85
01295.png,surprise,0.93
56873.png,surprise,0.89
34680.png,surprise,0.72
17832.png,fear,0.79
41769.png,surprise,0.83
54691.png,surprise,0.86
29158.png,surprise,0.91
67512.png,sad,0.83
23706.png,surprise,0.93
23706.png,surprise,0.88
50428.png,surprise,0.72
98310.png,surprise,0.71
62483.png,disgust,0.81
26318.png,surprise,0.89
53082.png,sad,0.81
71389.png,surprise,0.92
07851.png,surprise,0.99
26891.png,surprise,0.96
02385.png,surprise,0.96
56974.png,surprise,0.91
76483.png,surprise,0.97
13602.png,surprise,0.9
04579.png,surprise,0.94
90386.png,sad,0.81
09715.png,surprise,0.97
72598.png,surprise,0.89
72598.png,surprise,0.87
70964.png,surprise,0.96
68307.png,surprise,0.92
70285.png,surprise,0.98
70285.png,happy,0.73
46827.png,sad,0.8
81964.png,happy,0.78
87392.png,surprise,0.94
45708.png,surprise,0.89
72956.png,sad,0.98
54816.png,happy,0.74
52069.png,surprise,0.83
04386.png,surprise,0.78
36541.png,surprise,0.83
41305.png,surprise,0.92
67481.png,surprise,0.97
70213.png,surprise,0.77
21659.png,anger,0.93
61495.png,surprise,0.9
03479.png,surprise,0.93
68921.png,surprise,0.98
75092.png,surprise,0.97
79603.png,sad,0.95
56714.png,surprise,0.88
73926.png,happy,0.84
75021.png,fear,0.73
38150.png,surprise,0.79
63529.png,surprise,0.71
03985.png,fear,0.86
79624.png,surprise,0.98
67504.png,fear,0.77
42538.png,surprise,0.74
74261.png,happy,0.79
74261.png,happy,0.72
68194.png,surprise,0.89
97423.png,anger,0.86
18462.png,surprise,0.96
18462.png,surprise,0.88
89035.png,surprise,0.81
97463.png,surprise,0.95
21436.png,surprise,0.96
72035.png,happy,0.8
40182.png,happy,0.87
92407.png,surprise,0.95
92407.png,surprise,0.94
80397.png,surprise,0.98
94815.png,surprise,0.98
41903.png,surprise,0.96
74521.png,surprise,0.96
47582.png,surprise,0.98
74608.png,happy,0.78
09824.png,surprise,0.95
17932.png,surprise,0.93
95814.png,happy,0.79
63192.png,surprise,0.96
15490.png,surprise,0.98
42705.png,surprise,0.89
64891.png,anger,0.81
80156.png,disgust,0.88
80156.png,happy,0.73
39408.png,happy,0.78
75098.png,surprise,0.96
95387.png,surprise,0.97
20684.png,surprise,0.94
17348.png,surprise,0.96
71826.png,happy,0.8
04325.png,surprise,0.83
21753.png,surprise,0.84
15804.png,surprise,0.95
14869.png,fear,0.79
38914.png,surprise,0.86
50317.png,surprise,0.93
27856.png,surprise,0.77
64705.png,fear,0.88
64705.png,fear,0.72
81746.png,sad,0.76
01936.png,happy,0.74
52678.png,surprise,0.85
52678.png,surprise,0.76
26409.png,surprise,0.97
73851.png,surprise,0.82
46735.png,surprise,0.87
46735.png,happy,0.8
17392.png,happy,0.79
06295.png,surprise,0.98
06295.png,happy,0.81
53908.png,surprise,0.9
35460.png,surprise,0.97
60143.png,surprise,0.94
42567.png,surprise,0.9
42567.png,happy,0.79
91072.png,surprise,0.75
90214.png,surprise,0.97
93087.png,surprise,0.92
93087.png,surprise,0.8
98034.png,surprise,0.89
92143.png,surprise,0.97
48160.png,surprise,0.88
48160.png,surprise,0.85
15489.png,disgust,0.76
79132.png,surprise,0.72
51306.png,sad,0.93
27614.png,surprise,0.94
68391.png,surprise,0.94
64385.png,surprise,0.93
67142.png,surprise,0.71
42056.png,surprise,0.85
42056.png,happy,0.78
42056.png,surprise,0.74
91840.png,surprise,0.97
82674.png,fear,0.76
93147.png,surprise,0.92
78315.png,surprise,0.97
75123.png,surprise,0.87
81940.png,fear,0.82
35642.png,surprise,0.82
35642.png,happy,0.74
98642.png,surprise,0.9
95724.png,surprise,0.97
63425.png,surprise,0.72
37902.png,surprise,0.92
27068.png,surprise,0.87
85107.png,happy,0.79
85107.png,surprise,0.71
75136.png,surprise,0.88
75136.png,surprise,0.87
48250.png,sad,0.78
43586.png,surprise,0.8
17350.png,surprise,0.73
50286.png,surprise,0.83
50286.png,happy,0.82
38196.png,surprise,0.97
38271.png,surprise,0.89
43679.png,surprise,0.8
51032.png,surprise,0.97
49168.png,surprise,0.77
14726.png,surprise,0.97
18529.png,surprise,0.94
60182.png,surprise,0.85
67841.png,surprise,0.97
53872.png,sad,0.74
76180.png,surprise,0.99
07893.png,happy,0.74
34518.png,surprise,0.94
34518.png,happy,0.72
15932.png,happy,0.84
15932.png,happy,0.77
14523.png,sad,0.94
48651.png,surprise,0.94
86917.png,surprise,0.98
78906.png,surprise,0.94
53649.png,surprise,0.97
29750.png,sad,0.91
91675.png,surprise,0.95
91675.png,surprise,0.94
12568.png,surprise,0.71
27534.png,anger,0.93
27534.png,sad,0.89
49603.png,surprise,0.97
54389.png,fear,0.9
50746.png,surprise,0.94
56231.png,happy,0.76
16320.png,surprise,0.97
93261.png,surprise,0.76
38095.png,surprise,0.96
38095.png,surprise,0.85
90753.png,sad,0.99
74310.png,surprise,0.88
09875.png,surprise,0.91
09875.png,fear,0.78
96502.png,surprise,0.95
91753.png,surprise,0.94
78164.png,surprise,0.86
13074.png,surprise,0.88
46538.png,surprise,0.72
03524.png,surprise,0.74
32470.png,surprise,0.98
14879.png,surprise,0.82
14879.png,surprise,0.81
04125.png,surprise,0.87
64391.png,surprise,0.95
48302.png,anger,0.71
98752.png,anger,0.84
47012.png,surprise,0.71
85967.png,sad,0.87
38514.png,surprise,0.84
38514.png,surprise,0.74
78016.png,surprise,0.74
14589.png,surprise,0.96
83942.png,sad,0.77
53678.png,disgust,0.72
50863.png,surprise,0.78
83914.png,surprise,0.96
50824.png,surprise,0.81
58264.png,surprise,0.98
47605.png,disgust,0.94
47605.png,surprise,0.85
79085.png,surprise,0.9
81970.png,sad,0.83
34056.png,surprise,0.97
02946.png,happy,0.75
05734.png,happy,0.82
05734.png,surprise,0.81
45923.png,surprise,0.93
64198.png,surprise,0.96
70652.png,surprise,0.94
32701.png,surprise,0.82
76208.png,sad,0.83
05968.png,surprise,0.98
28916.png,surprise,0.88
42836.png,surprise,0.98
04621.png,surprise,0.84
57349.png,surprise,0.97
04732.png,surprise,0.98
67058.png,sad,0.75
16593.png,surprise,0.75
53821.png,anger,0.81
84927.png,sad,0.93
15278.png,surprise,0.94
78520.png,sad,0.73
01796.png,surprise,0.94
73456.png,surprise,0.97
73456.png,surprise,0.79
02543.png,happy,0.71
81496.png,disgust,0.89
81496.png,surprise,0.86
57962.png,sad,0.78
02471.png,surprise,0.92
10852.png,surprise,0.83
56274.png,surprise,0.97
43852.png,surprise,0.71
29465.png,surprise,0.94
86195.png,happy,0.84
86195.png,fear,0.71
94528.png,surprise,0.95
83294.png,anger,0.75
46197.png,fear,0.74
96408.png,surprise,0.85
73810.png,surprise,0.95
79485.png,surprise,0.96
09247.png,surprise,0.96
01836.png,surprise,0.96
71392.png,disgust,0.72
13724.png,surprise,0.84
85741.png,surprise,0.88
85741.png,surprise,0.71
91724.png,surprise,0.97
71308.png,surprise,0.9
02914.png,surprise,0.94
05649.png,surprise,0.9
05649.png,sad,0.81
40329.png,surprise,0.94
60985.png,fear,0.98
28516.png,surprise,0.96
64781.png,happy,0.76
38427.png,surprise,0.98
68715.png,surprise,0.81
54018.png,happy,0.78
82316.png,surprise,0.88
82316.png,surprise,0.87
82316.png,happy,0.79
83106.png,surprise,0.95
45291.png,surprise,0.98
01793.png,sad,0.85
67594.png,sad,0.97
67594.png,disgust,0.8
81950.png,surprise,0.74
23065.png,surprise,0.97
71289.png,sad,0.74
95380.png,fear,0.74
83059.png,surprise,0.96
83059.png,happy,0.8
46315.png,surprise,0.88
05346.png,surprise,0.97
65704.png,surprise,0.84
19860.png,surprise,0.97
98457.png,happy,0.74
01293.png,surprise,0.72
59021.png,surprise,0.86
54019.png,surprise,0.93
46850.png,surprise,0.72
06374.png,surprise,0.93
97184.png,happy,0.74
87504.png,surprise,0.96
46529.png,surprise,0.81
51293.png,surprise,0.94
62378.png,surprise,0.78
35412.png,surprise,0.92
15647.png,surprise,0.8
41276.png,surprise,0.96
41276.png,anger,0.72
49201.png,surprise,0.93
41270.png,surprise,0.97
43675.png,surprise,0.72
07465.png,sad,0.81
10752.png,happy,0.76
25314.png,surprise,0.97
10634.png,surprise,0.95
07429.png,surprise,0.9
07429.png,surprise,0.79
06491.png,happy,0.74
48920.png,surprise,0.82
96513.png,fear,0.72
07452.png,surprise,0.88
31948.png,surprise,0.9
58061.png,surprise,0.94
39784.png,surprise,0.92
76843.png,surprise,0.88
40293.png,surprise,0.75
94578.png,surprise,0.95
89071.png,surprise,0.94
26910.png,surprise,0.76
61347.png,happy,0.74
24567.png,sad,0.92
91856.png,surprise,0.97
75026.png,surprise,0.86
86032.png,surprise,0.73
12834.png,surprise,0.93
73162.png,sad,0.96
05327.png,surprise,0.96
05327.png,happy,0.81
83140.png,surprise,0.74
26839.png,surprise,0.97
50142.png,surprise,0.83
34196.png,surprise,0.74
13402.png,surprise,0.79
53184.png,surprise,0.75
65478.png,surprise,0.91
26831.png,surprise,0.95
34782.png,disgust,0.79
94087.png,happy,0.72
85417.png,surprise,0.93
38147.png,surprise,0.83
38147.png,sad,0.73
27034.png,happy,0.79
54621.png,surprise,0.98
01943.png,surprise,0.97
04857.png,surprise,0.9
04782.png,surprise,0.98
04782.png,happy,0.72
57982.png,surprise,0.84
92148.png,surprise,0.94
27391.png,surprise,0.88
23715.png,surprise,0.87
51476.png,surprise,0.96
46528.png,surprise,0.91
20381.png,surprise,0.97
20381.png,surprise,0.88
87341.png,surprise,0.94
01359.png,sad,0.87
14263.png,surprise,0.97
61859.png,surprise,0.91
16275.png,happy,0.71
59814.png,surprise,0.95
76542.png,happy,0.77
94085.png,sad,0.84
36194.png,disgust,0.86
23164.png,surprise,0.96
05461.png,surprise,0.82
05461.png,surprise,0.73
45691.png,surprise,0.8
12604.png,surprise,0.86
83014.png,disgust,0.92
32706.png,surprise,0.94
06845.png,surprise,0.96
65824.png,surprise,0.75
01329.png,surprise,0.96
18792.png,sad,0.79
14583.png,surprise,0.79
34618.png,surprise,0.84
02974.png,surprise,0.85
62573.png,happy,0.75
85496.png,sad,0.82
79625.png,anger,0.71
87691.png,surprise,0.98
34576.png,sad,0.92
70235.png,surprise,0.97
49675.png,surprise,0.93
49675.png,happy,0.75
47528.png,surprise,0.72
91308.png,surprise,0.85
07436.png,surprise,0.87
07436.png,surprise,0.75
86293.png,sad,0.75
67043.png,surprise,0.98
78014.png,surprise,0.89
78014.png,surprise,0.78
81926.png,happy,0.75
43716.png,surprise,0.76
78945.png,surprise,0.73
84107.png,surprise,0.93
52473.png,surprise,0.76
49652.png,surprise,0.77
21804.png,surprise,0.94
90342.png,happy,0.77
96231.png,happy,0.84
03296.png,surprise,0.9
16395.png,surprise,0.98
16395.png,happy,0.8
59837.png,surprise,0.96
59837.png,surprise,0.91
63509.png,surprise,0.9
27963.png,surprise,0.93
25931.png,surprise,0.97
54693.png,surprise,0.97
60721.png,surprise,0.86
02853.png,surprise,0.97
04316.png,surprise,0.95
72605.png,surprise,0.89
89275.png,surprise,0.94
43198.png,surprise,0.82
50293.png,surprise,0.71
17023.png,surprise,0.91
17023.png,happy,0.73
79234.png,surprise,0.98
76923.png,happy,0.77
42690.png,sad,0.8
17483.png,surprise,0.94
98203.png,surprise,0.95
08539.png,fear,0.72
81942.png,surprise,0.95
21978.png,surprise,0.95
38712.png,anger,0.83
04758.png,surprise,0.93
93462.png,disgust,0.78
39725.png,sad,0.87
16758.png,surprise,0.95
17439.png,surprise,0.97
58364.png,surprise,0.92
50186.png,surprise,0.96
05214.png,surprise,0.93
68304.png,surprise,0.94
30571.png,surprise,0.9
64730.png,surprise,0.97
36201.png,surprise,0.97
34652.png,surprise,0.92
34652.png,sad,0.83
34652.png,happy,0.8
34652.png,happy,0.79
96370.png,sad,0.71
03924.png,surprise,0.93
03281.png,surprise,0.94
40693.png,surprise,0.97
10528.png,surprise,0.91
10258.png,surprise,0.92
28613.png,surprise,0.96
10639.png,surprise,0.94
28691.png,surprise,0.96
89043.png,surprise,0.93
58607.png,surprise,0.96
39247.png,surprise,0.97
13695.png,surprise,0.88
40597.png,surprise,0.95
40597.png,surprise,0.84
42185.png,surprise,0.95
90728.png,happy,0.82
89102.png,surprise,0.95
30927.png,sad,0.71
56738.png,surprise,0.96
93481.png,surprise,0.75
46130.png,surprise,0.94
46130.png,surprise,0.76
74562.png,sad,0.81
95478.png,surprise,0.91
80327.png,surprise,0.91
80327.png,surprise,0.83
69327.png,surprise,0.97
93718.png,fear,0.71
06125.png,surprise,0.9
71492.png,surprise,0.98
94620.png,surprise,0.74
91540.png,surprise,0.84
39054.png,surprise,0.81
51934.png,sad,0.77
02358.png,surprise,0.87
85126.png,surprise,0.96
85126.png,happy,0.72
02846.png,happy,0.72
21346.png,surprise,0.93
82704.png,surprise,0.95
23476.png,surprise,0.92
46208.png,fear,0.83
95403.png,surprise,0.97
75134.png,surprise,0.97
63195.png,surprise,0.78
14073.png,happy,0.83
70346.png,surprise,0.93
94158.png,surprise,0.92
03718.png,happy,0.79
03718.png,anger,0.77
73814.png,surprise,0.92
87905.png,happy,0.78
96325.png,surprise,0.74
02641.png,surprise,0.79
84265.png,surprise,0.76
97132.png,surprise,0.9
45289.png,surprise,0.97
27816.png,surprise,0.93
27816.png,happy,0.85
68423.png,surprise,0.97
25397.png,surprise,0.98
01235.png,surprise,0.92
57921.png,anger,0.75
08275.png,sad,0.8
08275.png,surprise,0.78
87620.png,surprise,0.97
17530.png,sad,0.73
23597.png,surprise,0.85
23597.png,sad,0.74
97564.png,happy,0.75
97564.png,happy,0.75
94302.png,sad,0.83
10542.png,happy,0.84
10542.png,happy,0.78
81273.png,surprise,0.95
23658.png,surprise,0.89
85362.png,surprise,0.91
74025.png,surprise,0.92
73160.png,surprise,0.88
18547.png,surprise,0.95
18547.png,disgust,0.75
19526.png,anger,0.76
09618.png,surprise,0.97
91082.png,surprise,0.97
58309.png,surprise,0.97
76285.png,surprise,0.96
10489.png,happy,0.75
06425.png,happy,0.81
95176.png,surprise,0.84
95176.png,surprise,0.79
50981.png,surprise,0.71
29380.png,surprise,0.9
27604.png,surprise,0.98
78450.png,surprise,0.97
78236.png,surprise,0.92
78236.png,happy,0.83
40268.png,surprise,0.98
28403.png,surprise,0.75
13567.png,surprise,0.96
13647.png,surprise,0.87
10946.png,anger,0.87
28067.png,surprise,0.94
65238.png,surprise,0.98
52037.png,fear,0.77
38156.png,surprise,0.8
26459.png,sad,0.88
81243.png,surprise,0.89
81549.png,surprise,0.74
37254.png,surprise,0.84
96174.png,fear,0.74
49176.png,happy,0.8
71486.png,surprise,0.85
10287.png,surprise,0.96
04273.png,fear,0.84
04273.png,happy,0.76
04873.png,happy,0.75
75601.png,sad,0.72
35902.png,surprise,0.83
75960.png,surprise,0.98
97051.png,surprise,0.82
10976.png,surprise,0.97
10976.png,happy,0.8
90138.png,surprise,0.94
28964.png,fear,0.98
60478.png,sad,0.86
80174.png,surprise,0.76
36954.png,happy,0.76
83520.png,surprise,0.87
29708.png,sad,0.72
60798.png,surprise,0.97
02146.png,sad,0.74
04356.png,happy,0.83
10948.png,sad,0.77
29351.png,surprise,0.96
82793.png,surprise,0.96
48513.png,surprise,0.83
39672.png,surprise,0.98
92051.png,sad,0.9
92051.png,happy,0.82
34950.png,surprise,0.76
10784.png,surprise,0.87
57912.png,surprise,0.96
72469.png,anger,0.9
97068.png,sad,0.76
34567.png,sad,0.83
34567.png,surprise,0.83
65409.png,surprise,0.96
87023.png,surprise,0.87
27430.png,sad,0.86
01247.png,sad,0.75
37504.png,surprise,0.97
30948.png,surprise,0.98
39067.png,surprise,0.92
85476.png,surprise,0.78
85476.png,happy,0.71
61038.png,surprise,0.82
96471.png,disgust,0.86
76498.png,surprise,0.97
07236.png,surprise,0.76
07236.png,surprise,0.74
97638.png,surprise,0.95
05479.png,surprise,0.97
03875.png,surprise,0.98
08517.png,surprise,0.98
47095.png,sad,0.99
24650.png,surprise,0.9
18562.png,happy,0.75
57183.png,surprise,0.92
87130.png,happy,0.8
05148.png,surprise,0.87
05148.png,surprise,0.83
05148.png,happy,0.77
78104.png,happy,0.73
01276.png,surprise,0.9
26407.png,surprise,0.82
36812.png,surprise,0.88
37289.png,surprise,0.95
71058.png,surprise,0.87
62147.png,surprise,0.96
06439.png,surprise,0.86
85413.png,surprise,0.75
37862.png,surprise,0.91
37862.png,surprise,0.84
87425.png,surprise,0.98
01658.png,happy,0.82
02459.png,sad,0.81
91268.png,surprise,0.77
50839.png,surprise,0.78
34961.png,surprise,0.97
92436.png,surprise,0.91
54692.png,surprise,0.96
82743.png,surprise,0.96
82743.png,surprise,0.85
82743.png,happy,0.75
49716.png,sad,0.82
78924.png,surprise,0.96
49017.png,surprise,0.81
51978.png,surprise,0.96
95876.png,surprise,0.95
10723.png,surprise,0.95
62719.png,happy,0.83
62719.png,happy,0.78
14283.png,surprise,0.96
34721.png,surprise,0.92
34721.png,surprise,0.86
34721.png,surprise,0.72
25013.png,happy,0.79
49750.png,sad,0.97
76032.png,surprise,0.72
67129.png,happy,0.83
15432.png,anger,0.73
69780.png,surprise,0.89
94651.png,fear,0.97
25610.png,surprise,0.9
61497.png,sad,0.84
24309.png,happy,0.77
38952.png,surprise,0.86
38952.png,happy,0.77
65917.png,surprise,0.98
65917.png,surprise,0.73
14327.png,surprise,0.87
19763.png,surprise,0.98
42083.png,surprise,0.98
91683.png,surprise,0.93
91683.png,happy,0.74
29710.png,surprise,0.75
86750.png,fear,0.86
02149.png,happy,0.76
02164.png,happy,0.74
61873.png,happy,0.71
37628.png,surprise,0.89
37628.png,happy,0.8
59401.png,disgust,0.92
67398.png,surprise,0.73
46759.png,surprise,0.77
53420.png,surprise,0.97
81705.png,surprise,0.72
14823.png,surprise,0.85
14823.png,surprise,0.75
58349.png,anger,0.92
89263.png,disgust,0.83
02789.png,surprise,0.83
02789.png,surprise,0.75
54931.png,surprise,0.97
17340.png,happy,0.78
59028.png,happy,0.75
98537.png,surprise,0.97
85317.png,happy,0.78
86952.png,surprise,0.96
87621.png,fear,0.88
87621.png,fear,0.86
87621.png,fear,0.86
87621.png,fear,0.8
07694.png,surprise,0.96
07694.png,happy,0.77
14679.png,surprise,0.96
14679.png,happy,0.75
83921.png,surprise,0.9
81263.png,surprise,0.76
67831.png,surprise,0.97
82539.png,surprise,0.9
49758.png,surprise,0.92
76942.png,surprise,0.9
46907.png,surprise,0.95
46907.png,surprise,0.94
05296.png,fear,0.71
80347.png,happy,0.8
80347.png,surprise,0.74
43702.png,surprise,0.98
10983.png,fear,0.97
59346.png,surprise,0.95
59731.png,surprise,0.78
46823.png,surprise,0.88
13470.png,surprise,0.82
72945.png,surprise,0.79
24653.png,surprise,0.86
24653.png,disgust,0.81
50461.png,surprise,0.8
60374.png,disgust,0.77
02168.png,surprise,0.98
69052.png,surprise,0.97
35942.png,surprise,0.92
65430.png,surprise,0.94
68517.png,surprise,0.87
36821.png,surprise,0.78
89461.png,surprise,0.92
45189.png,happy,0.78
84620.png,surprise,0.93
26049.png,surprise,0.97
65179.png,happy,0.77
05943.png,surprise,0.91
10458.png,happy,0.72
43612.png,sad,0.95
43691.png,surprise,0.97
35907.png,surprise,0.76
78064.png,surprise,0.92
16480.png,happy,0.74
90187.png,fear,0.72
52738.png,surprise,0.84
52738.png,surprise,0.82
27156.png,happy,0.71
39528.png,surprise,0.95
03279.png,sad,0.93
96421.png,sad,0.92
92567.png,surprise,0.79
69013.png,surprise,0.97
65240.png,contempt,0.78
65240.png,fear,0.73
01256.png,surprise,0.94
08295.png,surprise,0.81
96143.png,surprise,0.85
43216.png,sad,0.89
97531.png,surprise,0.99
31082.png,surprise,0.76
23761.png,surprise,0.84
74058.png,fear,0.93
75840.png,surprise,0.8
07651.png,fear,0.81
43506.png,surprise,0.88
43506.png,happy,0.77
36401.png,surprise,0.93
92613.png,disgust,0.81
92613.png,happy,0.71
27864.png,sad,0.76
76549.png,surprise,0.97
90564.png,surprise,0.93
69428.png,surprise,0.97
46831.png,surprise,0.88
46831.png,surprise,0.87
72396.png,surprise,0.95
39206.png,surprise,0.94
05329.png,anger,0.95
