image_id,animal,prob
10829.png,Scorpion,0.87
53082.png,Cattle,0.94
10536.png,Caterpillar,0.91
01893.png,Deer,0.81
05296.png,Butterfly,0.95
05296.png,Butterfly,0.95
05296.png,Butterfly,0.87
05296.png,Butterfly,0.86
05296.png,Butterfly,0.81
05296.png,Butterfly,0.78
20873.png,Caterpillar,0.94
04732.png,Monkey,0.84
40182.png,Rhinoceros,0.77
07458.png,Monkey,0.85
76208.png,Cattle,0.95
96174.png,Butterfly,0.96
96174.png,Butterfly,0.95
96174.png,Butterfly,0.9
96174.png,Butterfly,0.87
96174.png,Butterfly,0.84
96174.png,Butterfly,0.81
96174.png,Butterfly,0.8
96174.png,Butterfly,0.79
50236.png,Horse,0.91
92670.png,Monkey,0.77
24538.png,Fish,0.84
40819.png,Butterfly,0.86
73506.png,Sea-turtle,0.79
70964.png,Monkey,0.93
58906.png,Monkey,0.91
89701.png,Snail,0.83
38051.png,Monkey,0.95
06714.png,Snail,0.76
65203.png,Parrot,0.77
36780.png,Snail,0.96
83106.png,Monkey,0.95
61873.png,Fish,0.95
61873.png,Fish,0.94
75239.png,Monkey,0.93
76532.png,Monkey,0.82
12649.png,Parrot,0.98
97804.png,Monkey,0.78
57821.png,Jellyfish,0.8
12834.png,Monkey,0.83
94610.png,Monkey,0.93
73489.png,Crab,0.94
67438.png,Duck,0.83
95371.png,Monkey,0.8
04152.png,Duck,0.87
35671.png,Monkey,0.76
41502.png,Crab,0.8
79624.png,Owl,0.86
70841.png,Monkey,0.82
01925.png,Cheetah,0.78
02471.png,Monkey,0.91
91738.png,Fish,0.76
54168.png,Crab,0.96
40159.png,Crab,0.89
98362.png,Horse,0.83
34018.png,Monkey,0.83
58349.png,Jellyfish,0.8
31527.png,Horse,0.85
65240.png,Ladybug,0.82
41276.png,Monkey,0.9
75046.png,Monkey,0.85
13276.png,Horse,0.9
87620.png,Monkey,0.87
78921.png,Pig,0.8
70614.png,Duck,0.93
38609.png,Caterpillar,0.83
82457.png,Ladybug,0.89
35412.png,Monkey,0.78
78092.png,Monkey,0.82
87341.png,Scorpion,0.83
87341.png,Crab,0.8
76180.png,Butterfly,0.81
76180.png,Butterfly,0.79
48927.png,Monkey,0.83
05438.png,Crab,0.94
83461.png,Crab,0.93
83905.png,Harbor-seal,0.88
96325.png,Monkey,0.91
07839.png,Monkey,0.9
95810.png,Monkey,0.76
43651.png,Monkey,0.83
62580.png,Crab,0.9
58194.png,Horse,0.82
39172.png,Butterfly,0.97
39172.png,Butterfly,0.97
39172.png,Butterfly,0.94
39172.png,Butterfly,0.94
39172.png,Butterfly,0.94
39172.png,Butterfly,0.88
39172.png,Butterfly,0.86
39172.png,Butterfly,0.84
39172.png,Butterfly,0.84
39172.png,Butterfly,0.81
39172.png,Butterfly,0.81
39172.png,Butterfly,0.81
39172.png,Butterfly,0.76
36098.png,Jellyfish,0.98
26315.png,Monkey,0.9
83765.png,Jellyfish,0.78
81934.png,Penguin,0.81
15432.png,Butterfly,0.98
15432.png,Butterfly,0.98
15432.png,Butterfly,0.98
15432.png,Butterfly,0.97
15432.png,Butterfly,0.97
15432.png,Butterfly,0.95
15432.png,Butterfly,0.92
15432.png,Butterfly,0.91
15432.png,Butterfly,0.89
24603.png,Deer,0.92
79218.png,Jellyfish,0.92
29468.png,Monkey,0.76
52678.png,Cattle,0.91
51789.png,Butterfly,0.77
65843.png,Butterfly,0.85
71083.png,Chicken,0.8
67241.png,Monkey,0.81
47836.png,Deer,0.86
20851.png,Snail,0.88
04356.png,Monkey,0.78
89156.png,Penguin,0.9
28403.png,Monkey,0.96
89603.png,Horse,0.76
35642.png,Monkey,0.76
29506.png,Lizard,0.89
47826.png,Cattle,0.78
73162.png,Duck,0.86
94725.png,Horse,0.98
04763.png,Jellyfish,0.77
02594.png,Cattle,0.81
57183.png,Monkey,0.93
04958.png,Monkey,0.8
71492.png,Monkey,0.81
20196.png,Cattle,0.93
76285.png,Snail,0.89
63052.png,Monkey,0.83
75349.png,Rhinoceros,0.86
53678.png,Caterpillar,0.84
17962.png,Jellyfish,0.96
17962.png,Jellyfish,0.95
17962.png,Jellyfish,0.86
47628.png,Monkey,0.82
14598.png,Owl,0.88
76534.png,Horse,0.95
17390.png,Frog,0.8
52746.png,Monkey,0.77
23940.png,Monkey,0.86
58061.png,Horse,0.89
32971.png,Ladybug,0.88
14829.png,Monkey,0.86
08941.png,Monkey,0.82
78064.png,Crab,0.94
63589.png,Monkey,0.79
45836.png,Horse,0.88
92613.png,Monkey,0.84
19507.png,Butterfly,0.85
52974.png,Caterpillar,0.88
24567.png,Snail,0.91
05239.png,Chicken,0.9
91045.png,Monkey,0.76
90625.png,Fish,0.84
36540.png,Butterfly,0.84
17652.png,Pig,0.78
52473.png,Monkey,0.96
74615.png,Deer,0.76
07168.png,Butterfly,0.82
81746.png,Cattle,0.94
30714.png,Chicken,0.95
30714.png,Chicken,0.85
26531.png,Horse,0.76
32198.png,Monkey,0.84
65349.png,Horse,0.81
26459.png,Monkey,0.91
14869.png,Butterfly,0.76
67512.png,Monkey,0.84
49156.png,Monkey,0.9
37419.png,Monkey,0.86
96342.png,Monkey,0.85
96452.png,Butterfly,0.87
96452.png,Butterfly,0.79
87013.png,Chicken,0.77
62483.png,Chicken,0.76
82631.png,Monkey,0.94
27139.png,Moths-and-butterflies,0.86
58609.png,Crab,0.93
69720.png,Cattle,0.9
68921.png,Monkey,0.76
84362.png,Monkey,0.94
58023.png,Harbor-seal,0.81
75841.png,Cattle,0.93
93602.png,Monkey,0.89
65409.png,Monkey,0.8
81970.png,Monkey,0.93
95876.png,Monkey,0.8
43586.png,Spider,0.79
26381.png,Starfish,0.89
82940.png,Monkey,0.77
39085.png,Butterfly,0.79
38742.png,Crab,0.81
14837.png,Tiger,0.84
16870.png,Monkey,0.81
46197.png,Butterfly,0.95
46197.png,Butterfly,0.95
46197.png,Butterfly,0.9
46197.png,Butterfly,0.87
46197.png,Butterfly,0.82
46197.png,Butterfly,0.8
46197.png,Butterfly,0.8
49327.png,Jellyfish,0.92
20859.png,Crab,0.95
82604.png,Crab,0.94
06328.png,Goldfish,0.94
31975.png,Butterfly,0.9
31975.png,Butterfly,0.89
31975.png,Butterfly,0.76
80196.png,Ladybug,0.83
70825.png,Squirrel,0.8
48106.png,Penguin,0.92
81724.png,Tiger,0.92
10983.png,Snail,0.84
28450.png,Deer,0.94
70143.png,Caterpillar,0.92
17359.png,Penguin,0.77
04317.png,Snail,0.77
42681.png,Caterpillar,0.93
72945.png,Crab,0.8
98463.png,Cattle,0.77
14879.png,Monkey,0.79
14879.png,Cattle,0.77
26073.png,Monkey,0.9
86217.png,Cattle,0.86
98637.png,Butterfly,0.91
67129.png,Monkey,0.96
58063.png,Caterpillar,0.86
06418.png,Jellyfish,0.79
46759.png,Deer,0.9
01834.png,Horse,0.83
40327.png,Crab,0.81
75648.png,Horse,0.82
30462.png,Monkey,0.81
23817.png,Monkey,0.86
