image_id,animal,prob
10829.png,Scorpion,0.86
53082.png,Cattle,0.94
01893.png,Deer,0.8
05296.png,Butterfly,0.95
05296.png,Butterfly,0.94
05296.png,Butterfly,0.87
05296.png,Butterfly,0.83
05296.png,Butterfly,0.79
05296.png,Butterfly,0.78
05296.png,Butterfly,0.76
20873.png,Caterpillar,0.94
04732.png,Monkey,0.85
40182.png,Rhinoceros,0.82
07458.png,Monkey,0.85
76208.png,Cattle,0.96
96174.png,Butterfly,0.95
96174.png,Butterfly,0.95
96174.png,Butterfly,0.87
96174.png,Butterfly,0.86
96174.png,Butterfly,0.81
96174.png,Butterfly,0.79
50236.png,Horse,0.91
24538.png,Fish,0.82
40819.png,Butterfly,0.86
40819.png,Butterfly,0.83
40819.png,Butterfly,0.82
70964.png,Monkey,0.79
58906.png,Monkey,0.81
38051.png,Monkey,0.91
36780.png,Snail,0.85
83106.png,Monkey,0.94
75239.png,Monkey,0.92
76532.png,Monkey,0.85
07265.png,Penguin,0.85
12649.png,Parrot,0.95
57821.png,Jellyfish,0.83
12834.png,Monkey,0.78
07615.png,Monkey,0.77
94610.png,Monkey,0.93
73489.png,Crab,0.96
35671.png,Monkey,0.76
01962.png,Monkey,0.78
41502.png,Crab,0.79
02471.png,Monkey,0.92
54168.png,Crab,0.91
40159.png,Crab,0.88
98362.png,Horse,0.85
58349.png,Jellyfish,0.79
31527.png,Horse,0.81
41276.png,Monkey,0.8
87620.png,Monkey,0.85
78921.png,Pig,0.79
35412.png,Monkey,0.78
87341.png,Crab,0.78
76180.png,Butterfly,0.85
76180.png,Butterfly,0.78
48927.png,Monkey,0.79
05438.png,Crab,0.82
83461.png,Crab,0.81
83905.png,Harbor-seal,0.84
96325.png,Monkey,0.92
07839.png,Monkey,0.81
32514.png,Chicken,0.89
43651.png,Monkey,0.82
58194.png,Horse,0.81
39172.png,Butterfly,0.93
39172.png,Butterfly,0.87
39172.png,Butterfly,0.85
39172.png,Butterfly,0.76
26315.png,Monkey,0.86
15432.png,Butterfly,0.98
15432.png,Butterfly,0.98
15432.png,Butterfly,0.97
15432.png,Butterfly,0.97
15432.png,Butterfly,0.96
15432.png,Butterfly,0.95
15432.png,Butterfly,0.92
15432.png,Butterfly,0.9
15432.png,Butterfly,0.9
15432.png,Butterfly,0.88
24603.png,Deer,0.85
52678.png,Cattle,0.78
64038.png,Horse,0.76
39576.png,Monkey,0.76
71083.png,Chicken,0.85
67241.png,Monkey,0.8
47836.png,Deer,0.84
04356.png,Monkey,0.76
89156.png,Penguin,0.88
28403.png,Monkey,0.94
89603.png,Horse,0.77
29506.png,Lizard,0.9
73162.png,Duck,0.84
94725.png,Horse,0.98
02594.png,Cattle,0.93
57183.png,Monkey,0.93
20196.png,Cattle,0.95
76285.png,Snail,0.82
63052.png,Monkey,0.85
75349.png,Rhinoceros,0.77
53678.png,Caterpillar,0.81
17962.png,Jellyfish,0.91
61038.png,Snake,0.87
47628.png,Monkey,0.83
76534.png,Horse,0.92
23940.png,Monkey,0.85
14829.png,Monkey,0.84
08941.png,Monkey,0.78
78064.png,Crab,0.8
63589.png,Monkey,0.76
92613.png,Monkey,0.85
19507.png,Butterfly,0.89
05239.png,Chicken,0.76
91045.png,Monkey,0.8
52473.png,Monkey,0.96
81746.png,Cattle,0.94
05734.png,Monkey,0.78
30714.png,Chicken,0.86
30714.png,Chicken,0.79
32198.png,Monkey,0.78
90568.png,Jellyfish,0.8
26459.png,Monkey,0.9
49156.png,Monkey,0.91
37419.png,Monkey,0.85
96452.png,Butterfly,0.87
96452.png,Butterfly,0.79
82631.png,Monkey,0.91
58609.png,Crab,0.84
69720.png,Cattle,0.88
84362.png,Monkey,0.77
75841.png,Cattle,0.95
93602.png,Monkey,0.89
65409.png,Monkey,0.79
14870.png,Monkey,0.9
95876.png,Monkey,0.8
82940.png,Monkey,0.82
39085.png,Butterfly,0.76
46197.png,Butterfly,0.95
46197.png,Butterfly,0.95
46197.png,Butterfly,0.87
46197.png,Butterfly,0.87
46197.png,Butterfly,0.79
46197.png,Butterfly,0.79
20859.png,Crab,0.94
82604.png,Crab,0.93
06328.png,Goldfish,0.9
31975.png,Butterfly,0.82
31975.png,Butterfly,0.78
80196.png,Ladybug,0.82
70825.png,Owl,0.8
48106.png,Penguin,0.87
81724.png,Tiger,0.91
49260.png,Lizard,0.76
02576.png,Lizard,0.8
28450.png,Deer,0.91
70143.png,Caterpillar,0.92
04317.png,Snail,0.8
42681.png,Caterpillar,0.92
39280.png,Monkey,0.77
98463.png,Cattle,0.81
26073.png,Monkey,0.92
86217.png,Cattle,0.87
98637.png,Butterfly,0.9
67129.png,Monkey,0.96
57349.png,Butterfly,0.81
58063.png,Caterpillar,0.86
46759.png,Deer,0.85
01834.png,Horse,0.92
75648.png,Horse,0.82
21957.png,Monkey,0.84
30462.png,Monkey,0.82
23817.png,Monkey,0.88
